순번,영화명,감독,제작사,수입사,배급사,개봉일,영화유형,영화형태,국적,전국,전국.1,전국.2,서울,서울.1,장르,등급,영화구분,OTT,Netflix
,,,,,,,,,,스크린수,매출액,관객수,매출액,관객수,,,,"Netflix, Netflix Standard with Ads",True
2.0,서울의 봄,김성수,(주)하이브미디어코프,,메가박스중앙(주) 플러스엠 엔터테인먼트,2023-11-22,개봉영화,장편,한국,"2,328","127,926,951,712","13,128,080","29,336,875,104","2,956,518",드라마,12세이상관람가,일반영화,"Netflix, Netflix Standard with Ads",True
3.0,파묘,장재현,(주)쇼박스,,(주)쇼박스,2024-02-22,개봉영화,장편,한국,"2,355","115,148,478,414","11,913,725","26,979,812,331","2,723,228",미스터리,15세이상관람가,일반영화,"Netflix, Netflix Standard with Ads, TVING",True
4.0,범죄도시4,허명행,"주식회사 빅펀치픽쳐스,(주)홍필름,(주)비에이엔터테인먼트",,"주식회사 에이비오엔터테인먼트,메가박스중앙(주) 플러스엠 엔터테인먼트",2024-04-24,개봉영화,장편,한국,"2,980","110,038,420,734","11,501,621","22,859,743,231","2,314,667",액션,15세이상관람가,일반영화,Disney Plus,False
5.0,범죄도시3,이상용,"주식회사 빅펀치픽쳐스,(주)홍필름,(주)비에이엔터테인먼트",,"주식회사 에이비오엔터테인먼트,메가박스중앙(주) 플러스엠 엔터테인먼트",2023-05-31,개봉영화,장편,한국,"2,582","104,687,737,771","10,682,813","22,152,818,269","2,215,433",범죄,15세이상관람가,일반영화,Disney Plus,False
6.0,인사이드 아웃 2,켈시 만,"월트 디즈니 픽쳐스,픽사 애니메이션 스튜디오",월트디즈니컴퍼니코리아 유한책임회사,월트디즈니컴퍼니코리아 유한책임회사,2024-06-12,개봉영화,장편,미국,"2,619","84,509,284,036","8,799,013","22,334,734,771","2,218,355",애니메이션,전체관람가,일반영화,Disney Plus,False
7.0,베테랑2,류승완,(주)외유내강,,(주)씨제이이엔엠,2024-09-13,개봉영화,장편,한국,"2,691","72,474,035,814","7,525,339","14,954,292,776","1,489,640",액션,15세이상관람가,일반영화,"Netflix, Netflix Standard with Ads, TVING",True
8.0,엘리멘탈,피터 손,,월트디즈니컴퍼니코리아 유한책임회사,월트디즈니컴퍼니코리아 유한책임회사,2023-06-14,개봉영화,장편,미국,"1,251","71,129,945,066","7,239,288","19,102,254,019","1,883,280",애니메이션,전체관람가,일반영화,Disney Plus,False
9.0,아바타: 불과 재,제임스 카메론,,월트디즈니컴퍼니코리아 유한책임회사,월트디즈니컴퍼니코리아 유한책임회사,2025-12-17,개봉영화,장편,미국,"2,582","78,912,610,960","6,744,610","20,611,979,760","1,612,310",SF,12세이상관람가,일반영화,Disney Plus,False
10.0,주토피아 2,"재러드 부시,바이론 하워드",,월트디즈니컴퍼니코리아 유한책임회사,월트디즈니컴퍼니코리아 유한책임회사,2025-11-26,개봉영화,장편,미국,"2,383","62,727,690,490","6,504,574","16,382,398,220","1,610,429",애니메이션,전체관람가,일반영화,Disney Plus,False
11.0,좀비딸,필감성,스튜디오엔(주),,(주)넥스트엔터테인먼트월드(NEW),2025-07-30,개봉영화,장편,한국,"1,598","53,139,332,990","5,640,423","10,312,571,340","1,045,683",코미디,12세이상관람가,일반영화,Disney Plus,False
12.0,극장판 귀멸의 칼날: 무한성편,소토자키 하루오,,주식회사 애니맥스브로드캐스팅코리아,(주)씨제이이엔엠,2025-08-22,개봉영화,장편,일본,"2,298","60,271,624,740","5,588,011","15,611,502,300","1,352,645",애니메이션,15세이상관람가,일반영화,TVING,False
13.0,F1 더 무비,조셉 코신스키,,워너브러더스 코리아(주),워너브러더스 코리아(주),2025-06-25,개봉영화,장편,미국,"1,665","54,928,849,030","5,213,527","18,564,835,270","1,672,150",드라마,12세이상관람가,일반영화,"Apple TV, TVING",False
14.0,밀수,류승완,(주)외유내강,,(주)넥스트엔터테인먼트월드(NEW),2023-07-26,개봉영화,장편,한국,"1,932","49,685,009,003","5,143,219","10,715,377,316","1,082,269",액션,15세이상관람가,일반영화,"Netflix, Disney Plus, Netflix Standard with Ads",True
15.0,하얼빈,우민호,(주)하이브미디어코프,,(주)씨제이이엔엠,2024-12-24,개봉영화,장편,한국,"2,125","46,978,947,380","4,914,963","11,600,537,920","1,163,075",드라마,15세이상관람가,일반영화,"Netflix, Netflix Standard with Ads, TVING",True
16.0,더 퍼스트 슬램덩크,이노우에 다케히코,,에스엠지홀딩스 주식회사,(주)넥스트엔터테인먼트월드(NEW),2023-01-04,개봉영화,장편,일본,"1,023","51,249,971,605","4,897,590","17,392,458,420","1,613,819",애니메이션,12세이상관람가,일반영화,"Netflix, Disney Plus, wavve, Watcha, Netflix Standard with Ads, TVING",True
17.0,파일럿,김한결,"쇼트케이크(주),(주)무비락",,롯데컬처웍스(주)롯데엔터테인먼트,2024-07-31,개봉영화,장편,한국,"1,956","43,204,079,201","4,718,036","9,238,563,114","980,597",코미디,12세이상관람가,일반영화,"Netflix, wavve, Netflix Standard with Ads",True
18.0,노량: 죽음의 바다,김한민,(주)빅스톤픽쳐스,,"롯데컬처웍스(주)롯데엔터테인먼트,(주)에이스메이커무비웍스",2023-12-20,개봉영화,장편,한국,"2,196","45,008,260,375","4,573,398","9,861,139,267","970,454",사극,12세이상관람가,일반영화,"Netflix, wavve, Netflix Standard with Ads",True
19.0,가디언즈 오브 갤럭시: Volume 3,제임스 건,,월트디즈니컴퍼니코리아 유한책임회사,월트디즈니컴퍼니코리아 유한책임회사,2023-05-03,개봉영화,장편,미국,"1,819","44,355,754,061","4,208,993","13,547,092,538","1,235,431",액션,12세이상관람가,일반영화,Disney Plus,False
21.0,소방관,곽경택,"주식회사 에스크로드,(주)아센디오",,(주)바이포엠스튜디오,2024-12-04,개봉영화,장편,한국,"1,414","36,248,498,170","3,851,772","6,523,082,380","671,851",드라마,12세이상관람가,일반영화,"Netflix, Netflix Standard with Ads, TVING",True
22.0,콘크리트 유토피아,엄태화,"클라이맥스 스튜디오(주),(주)비에이치 엔터테인먼트",,롯데컬처웍스(주)롯데엔터테인먼트,2023-08-09,개봉영화,장편,한국,"1,731","37,388,022,232","3,847,066","8,918,633,541","894,336",드라마,15세이상관람가,일반영화,"Netflix, wavve, Netflix Standard with Ads, TVING",True
23.0,모아나 2,데이브 데릭 주니어,,월트디즈니컴퍼니코리아 유한책임회사,월트디즈니컴퍼니코리아 유한책임회사,2024-11-27,개봉영화,장편,미국,"1,985","32,794,295,730","3,550,048","6,977,472,390","722,395",애니메이션,전체관람가,일반영화,Disney Plus,False
25.0,아바타: 물의 길,제임스 카메론,,월트디즈니컴퍼니코리아 유한책임회사,월트디즈니컴퍼니코리아 유한책임회사,2022-12-14,개봉영화,장편,미국,"2,809","47,350,863,697","3,491,916","13,294,368,157","909,353",액션,12세이상관람가,일반영화,Disney Plus,False
28.0,야당,황병국,(주)하이브미디어코프,,메가박스중앙(주) 플러스엠 엔터테인먼트,2025-04-16,개봉영화,장편,한국,"1,850","31,999,779,430","3,377,887","7,493,553,140","766,827",범죄,청소년관람불가,일반영화,"Netflix, Netflix Standard with Ads",True
32.0,어쩔수가없다,박찬욱,"모호필름,씨제이이엔엠 스튜디오스 주식회사",,(주)씨제이이엔엠,2025-09-24,개봉영화,장편,한국,"2,114","28,768,679,430","2,942,758","8,824,380,030","855,486",스릴러,15세이상관람가,일반영화,"Netflix, Netflix Standard with Ads, TVING",True
36.0,히트맨2,최원섭,"베리굿스튜디오(주),스튜디오타겟(주),슈퍼파워스튜디오 주식회사",,(주)바이포엠스튜디오,2025-01-22,개봉영화,장편,한국,"1,507","23,983,159,200","2,547,448","4,330,729,960","447,289",코미디,15세이상관람가,일반영화,"Netflix, Netflix Standard with Ads",True
37.0,탈주,이종필,더램프스튜디오(주),,메가박스중앙(주) 플러스엠 엔터테인먼트,2024-07-03,개봉영화,장편,한국,"1,234","24,102,444,596","2,547,035","5,683,783,805","575,613",액션,12세이상관람가,일반영화,"Netflix, Netflix Standard with Ads",True
38.0,보스,라희찬,(주)하이브미디어코프,,"(주)하이브미디어코프,(주)마인드마크",2025-10-03,개봉영화,장편,한국,"1,296","23,347,951,550","2,432,734","4,286,904,830","431,632",코미디,15세이상관람가,일반영화,Disney Plus,False
40.0,위키드,존 추,,유니버설픽쳐스인터내셔널 코리아(유),유니버설픽쳐스인터내셔널 코리아(유),2024-11-20,개봉영화,장편,미국,"1,803","22,168,795,550","2,244,536","9,129,526,680","887,543",판타지,전체관람가,일반영화,"Netflix, Netflix Standard with Ads",True
42.0,30일,남대중,(주)영화사울림,,(주)마인드마크,2023-10-03,개봉영화,장편,한국,"1,226","21,079,830,749","2,146,902","4,954,795,858","495,022",코미디,12세이상관람가,일반영화,TVING,False
43.0,승부,김형주,(주)영화사 월광,,(주)바이포엠스튜디오,2025-03-26,개봉영화,장편,한국,"1,773","20,042,357,660","2,146,284","5,433,771,180","560,398",드라마,12세이상관람가,일반영화,"Netflix, Netflix Standard with Ads",True
45.0,에이리언: 로물루스,페데 알바레즈,,월트디즈니컴퍼니코리아 유한책임회사,월트디즈니컴퍼니코리아 유한책임회사,2024-08-14,개봉영화,장편,미국,"1,436","20,443,955,430","2,002,033","5,989,730,813","561,343",공포(호러),15세이상관람가,일반영화,Disney Plus,False
46.0,휴민트,류승완,(주)외유내강,,(주)넥스트엔터테인먼트월드(NEW),2026-02-11,개봉영화,장편,한국,"1,520","19,983,573,360","1,980,978","5,243,342,790","490,850",액션,15세이상관람가,일반영화,"Netflix, Netflix Standard with Ads",True
47.0,데드풀과 울버린,숀 레비,,월트디즈니컴퍼니코리아 유한책임회사,월트디즈니컴퍼니코리아 유한책임회사,2024-07-24,개봉영화,장편,미국,"1,948","20,489,875,630","1,977,010","6,668,511,690","612,284",액션,청소년관람불가,일반영화,Disney Plus,False
48.0,존 윅 4,채드 스타헬스키,,(주)제이앤씨미디어그룹,(주)레드아이스 엔터테인먼트,2023-04-12,개봉영화,장편,미국,"1,532","19,935,436,129","1,923,520","6,084,990,966","572,209",액션,청소년관람불가,일반영화,"Netflix, Watcha, Netflix Standard with Ads",True
49.0,천박사 퇴마 연구소: 설경의 비밀,김성식,(주)외유내강,,(주)씨제이이엔엠,2023-09-27,개봉영화,장편,한국,"1,511","18,635,492,555","1,916,429","4,206,158,370","426,353",판타지,12세이상관람가,일반영화,"Netflix, Watcha, Netflix Standard with Ads, TVING",True
50.0,하이파이브,강형철,(주)안나푸르나필름,,(주)넥스트엔터테인먼트월드(NEW),2025-05-30,개봉영화,장편,한국,"1,343","17,545,718,020","1,893,622","3,829,560,060","397,589",코미디,15세이상관람가,일반영화,Disney Plus,False
52.0,영웅,윤제균,"(주)제이케이필름,(주)씨제이이엔엠",,(주)씨제이이엔엠,2022-12-21,개봉영화,장편,한국,"1,314","17,759,190,427","1,786,092","3,880,628,011","384,915",드라마,12세이상관람가,일반영화,"Watcha, TVING",False
53.0,핸섬가이즈,남동협,(주)하이브미디어코프,,(주)넥스트엔터테인먼트월드(NEW),2024-06-26,개봉영화,장편,한국,965,"16,579,544,601","1,774,398","3,634,776,613","379,367",코미디,15세이상관람가,일반영화,Disney Plus,False
54.0,하이재킹,김성한,"(주)퍼펙트스톰필름,채널플러스 주식회사",,"소니픽쳐스엔터테인먼트코리아주식회사극장배급지점,(주)키다리스튜디오",2024-06-21,개봉영화,장편,한국,"1,155","16,840,813,086","1,773,716","4,040,391,554","410,242",범죄,12세이상관람가,일반영화,Disney Plus,False
57.0,베놈: 라스트 댄스,켈리 마르셀,,소니픽쳐스엔터테인먼트코리아주식회사극장배급지점,소니픽쳐스엔터테인먼트코리아주식회사극장배급지점,2024-10-23,개봉영화,장편,미국,"1,663","17,256,631,588","1,764,011","4,403,943,170","425,952",액션,15세이상관람가,일반영화,wavve,False
58.0,교섭,임순례,"(주)영화사수박,원테이크필름",,메가박스중앙(주) 플러스엠 엔터테인먼트,2023-01-18,개봉영화,장편,한국,"1,289","17,460,908,740","1,721,100","3,694,134,663","355,275",드라마,12세이상관람가,일반영화,"Netflix, Netflix Standard with Ads",True
59.0,시민덕희,박영주,"(주)씨제스스튜디오,페이지원필름(주)",,(주)쇼박스,2024-01-24,개봉영화,장편,한국,"1,272","16,174,180,097","1,715,064","3,307,511,645","344,020",드라마,15세이상관람가,일반영화,"Netflix, wavve, Netflix Standard with Ads, TVING",True
60.0,노이즈,김수진,(주)화인컷,,(주)바이포엠스튜디오,2025-06-25,개봉영화,장편,한국,878,"16,758,897,410","1,707,629","3,387,445,320","331,907",공포(호러),15세이상관람가,일반영화,"Netflix, Netflix Standard with Ads, TVING",True
62.0,캡틴 아메리카: 브레이브 뉴 월드,줄리어스 오나,,월트디즈니컴퍼니코리아 유한책임회사,월트디즈니컴퍼니코리아 유한책임회사,2025-02-12,개봉영화,장편,미국,"1,901","16,372,717,086","1,654,160","4,683,184,070","445,050",액션,12세이상관람가,일반영화,Disney Plus,False
66.0,슈퍼배드 4,크리스 리노드,,유니버설픽쳐스인터내셔널 코리아(유),유니버설픽쳐스인터내셔널 코리아(유),2024-07-24,개봉영화,장편,미국,"1,178","14,202,093,607","1,562,001","3,051,515,835","317,260",애니메이션,전체관람가,일반영화,"Netflix, Netflix Standard with Ads",True
67.0,앤트맨과 와스프: 퀀텀매니아,페이튼 리드,,월트디즈니컴퍼니코리아 유한책임회사,월트디즈니컴퍼니코리아 유한책임회사,2023-02-15,개봉영화,장편,미국,"2,090","16,346,738,806","1,551,129","4,870,924,016","434,458",액션,12세이상관람가,일반영화,Disney Plus,False
68.0,잠,유재선,(주)루이스 픽쳐스,,롯데컬처웍스(주)롯데엔터테인먼트,2023-09-06,개봉영화,장편,한국,"1,231","13,817,855,033","1,462,621","3,709,945,927","385,986",미스터리,15세이상관람가,일반영화,"Netflix, wavve, Netflix Standard with Ads, TVING",True
70.0,외계+인 2부,최동훈,(주)케이퍼필름,,(주)씨제이이엔엠,2024-01-10,개봉영화,장편,한국,"1,390","13,792,326,337","1,430,121","3,321,420,005","330,032",기타,12세이상관람가,일반영화,"Netflix, Netflix Standard with Ads, TVING",True
71.0,위시,"크리스 벅,폰 비라선손",,월트디즈니컴퍼니코리아 유한책임회사,월트디즈니컴퍼니코리아 유한책임회사,2024-01-03,개봉영화,장편,미국,"1,421","13,379,469,253","1,403,386","3,552,631,510","357,704",애니메이션,전체관람가,일반영화,"Netflix, Netflix Standard with Ads",True
72.0,달짝지근해: 7510,이한,(주)무비락,,(주)마인드마크,2023-08-15,개봉영화,장편,한국,884,"13,445,519,901","1,388,309","2,731,589,483","276,799",코미디,12세이상관람가,일반영화,TVING,False
75.0,킹 오브 킹스,장성호,(주)모팩스튜디오,,(주)디스테이션,2025-07-16,개봉영화,장편,한국,"1,191","12,410,915,626","1,316,551","3,176,631,620","325,409",애니메이션,전체관람가,일반영화,"Disney Plus, Watcha, TVING",False
76.0,그녀가 죽었다,김세휘,주식회사 엔진필름,,"(주)콘텐츠지오,(주)아티스트스튜디오,(주)무빙픽쳐스컴퍼니",2024-05-15,개봉영화,장편,한국,"1,008","11,805,001,596","1,236,662","2,814,398,902","287,043",미스터리,15세이상관람가,일반영화,"Netflix, wavve, Netflix Standard with Ads",True
77.0,사랑의 하츄핑,김수훈,(주)에스에이엠지엔터테인먼트,,(주)쇼박스,2024-08-07,개봉영화,장편,한국,"1,159","10,983,756,542","1,228,442","1,709,617,367","182,907",애니메이션,전체관람가,일반영화,"Netflix, Netflix Standard with Ads",True
78.0,드림,이병헌,"(주)옥토버시네마,(주)노브레이크필름",,메가박스중앙(주) 플러스엠 엔터테인먼트,2023-04-26,개봉영화,장편,한국,"1,285","10,818,979,597","1,128,080","2,625,066,919","262,784",코미디,12세이상관람가,일반영화,"Netflix, Netflix Standard with Ads",True
79.0,얼굴,연상호,주식회사 와우포인트,,메가박스중앙(주) 플러스엠 엔터테인먼트,2025-09-11,개봉영화,장편,한국,985,"11,012,986,870","1,076,611","2,881,599,140","269,791",미스터리,15세이상관람가,일반영화,"Netflix, Netflix Standard with Ads",True
80.0,전지적 독자 시점,김병우,리얼라이즈픽쳐스(주),,롯데컬처웍스(주)롯데엔터테인먼트,2025-07-23,개봉영화,장편,한국,"1,581","10,053,493,360","1,061,137","2,628,889,920","265,029",판타지,15세이상관람가,일반영화,"Netflix, Netflix Standard with Ads",True
81.0,1947 보스톤,강제규,"(주)비에이엔터테인먼트,(주)빅픽쳐",,"롯데컬처웍스(주)롯데엔터테인먼트,(주)콘텐츠지오,주식회사 에이투지엔터테인먼트",2023-09-27,개봉영화,장편,한국,"1,282","9,464,438,798","1,026,929","2,362,398,413","248,627",드라마,12세이상관람가,일반영화,"Netflix, Watcha, Netflix Standard with Ads",True
82.0,비공식작전,김성훈,"(주)와인드업필름,와이낫필름",,(주)쇼박스,2023-08-02,개봉영화,장편,한국,"1,151","9,781,885,404","1,015,453","2,104,228,583","211,335",드라마,12세이상관람가,일반영화,"Netflix, wavve, Netflix Standard with Ads, TVING",True
84.0,댓글부대,안국진,(주)영화적순간,,(주)에이스메이커무비웍스,2024-03-27,개봉영화,장편,한국,"1,228","9,240,359,711","972,991","2,460,815,366","246,286",범죄,15세이상관람가,일반영화,"Netflix, Netflix Standard with Ads",True
85.0,극장판 진격의 거인 완결편 더 라스트 어택,하야시 유이치로,,(주)애니플러스,(주)애니플러스,2025-03-13,개봉영화,장편,일본,424,"9,776,272,070","949,711","3,130,935,630","283,764",애니메이션,15세이상관람가,일반영화,"Watcha, TVING",False
86.0,신차원! 짱구는 못말려 더 무비 초능력 대결전 ~날아라 수제김밥~,오네 히토시,,(주)씨제이이엔엠,(주)씨제이이엔엠,2023-12-22,개봉영화,장편,일본,883,"9,142,532,236","945,457","1,476,747,912","147,785",애니메이션,전체관람가,일반영화,TVING,False
87.0,썬더볼츠＊,제이크 슈레이어,,월트디즈니컴퍼니코리아 유한책임회사,월트디즈니컴퍼니코리아 유한책임회사,2025-04-30,개봉영화,장편,미국,"1,274","9,282,314,460","922,453","3,106,646,600","290,593",액션,12세이상관람가,일반영화,Disney Plus,False
89.0,글래디에이터 Ⅱ,리들리 스콧,,롯데컬처웍스(주)롯데엔터테인먼트,롯데컬처웍스(주)롯데엔터테인먼트,2024-11-13,개봉영화,장편,미국,"1,769","8,873,550,140","909,714","2,642,844,080","257,248",액션,청소년관람불가,일반영화,"Netflix, Netflix Standard with Ads",True
90.0,혹성탈출: 새로운 시대,웨스 볼,,월트디즈니컴퍼니코리아 유한책임회사,월트디즈니컴퍼니코리아 유한책임회사,2024-05-08,개봉영화,장편,미국,"1,184","9,177,184,782","907,155","2,304,034,982","213,685",액션,12세이상관람가,일반영화,Disney Plus,False
92.0,대도시의 사랑법,이언희,"(주)쇼박스,주식회사 고래와 유기농",,메가박스중앙(주) 플러스엠 엔터테인먼트,2024-10-01,개봉영화,장편,한국,869,"8,215,778,030","870,056","2,815,094,270","289,105",드라마,15세이상관람가,일반영화,"Netflix, Netflix Standard with Ads",True
94.0,"오늘 밤, 세계에서 이 사랑이 사라진다 해도",김혜영,블루파이어스튜디오 주식회사,,(주)바이포엠스튜디오,2025-12-24,개봉영화,장편,한국,868,"8,348,588,090","861,581","1,885,345,350","183,817",멜로/로맨스,12세이상관람가,일반영화,"Netflix, Netflix Standard with Ads",True
95.0,인디아나 존스: 운명의 다이얼,제임스 맨골드,,월트디즈니컴퍼니코리아 유한책임회사,월트디즈니컴퍼니코리아 유한책임회사,2023-06-28,개봉영화,장편,미국,"1,268","8,503,653,466","860,424","2,210,532,345","211,617",어드벤처,12세이상관람가,일반영화,Disney Plus,False
96.0,무파사: 라이온 킹,배리 젠킨스,,월트디즈니컴퍼니코리아 유한책임회사,월트디즈니컴퍼니코리아 유한책임회사,2024-12-18,개봉영화,장편,미국,"1,243","8,362,423,310","852,334","2,434,719,030","229,719",애니메이션,전체관람가,일반영화,Disney Plus,False
98.0,말할 수 없는 비밀,서유민,(주)하이브미디어코프,,메가박스중앙(주) 플러스엠 엔터테인먼트,2025-01-27,개봉영화,장편,한국,864,"7,859,549,300","824,156","2,436,262,480","241,664",판타지,전체관람가,일반영화,Disney Plus,False
101.0,청설,조선호,(주)무비락,,메가박스중앙(주) 플러스엠 엔터테인먼트,2024-11-06,개봉영화,장편,한국,"1,060","7,472,963,310","800,982","2,156,026,270","219,987",드라마,전체관람가,일반영화,"Netflix, Netflix Standard with Ads",True
102.0,거룩한 밤: 데몬 헌터스,임대희,"주식회사 빅펀치픽쳐스,(주)노바필름",,롯데컬처웍스(주)롯데엔터테인먼트,2025-04-30,개봉영화,장편,한국,"1,097","7,205,989,400","777,649","1,428,075,700","148,687",액션,15세이상관람가,일반영화,"Netflix, Netflix Standard with Ads, TVING",True
103.0,신명,김남균,(주)열공영화제작소,,"(주)열공영화제작소,(주)스마일이엔티,주식회사 블루필름웍스",2025-06-02,개봉영화,장편,한국,771,"7,359,521,780","775,407","1,386,811,620","143,476",드라마,15세이상관람가,일반영화,"Netflix, Netflix Standard with Ads",True
105.0,호퍼스,다니엘 총,,월트디즈니컴퍼니코리아 유한책임회사,월트디즈니컴퍼니코리아 유한책임회사,2026-03-04,개봉영화,장편,미국,"1,013","7,528,617,010","763,965","2,269,527,480","217,623",애니메이션,전체관람가,일반영화,Disney Plus,False
107.0,대외비,이원태,"(주)트윈필름,(주)비에이엔터테인먼트",,메가박스중앙(주) 플러스엠 엔터테인먼트,2023-03-01,개봉영화,장편,한국,"1,157","7,433,002,721","752,559","1,608,997,022","160,400",범죄,15세이상관람가,일반영화,"Netflix, Watcha, Netflix Standard with Ads, TVING",True
108.0,극장판 하이큐!! 쓰레기장의 결전,미츠나카 스스무,,에스엠지홀딩스 주식회사,"(주)넥스트엔터테인먼트월드(NEW),씨제이 씨지브이(CJ CGV)(주)",2024-05-15,개봉영화,장편,일본,"1,212","7,635,268,967","744,645","2,322,278,543","217,437",애니메이션,전체관람가,일반영화,"Netflix, Watcha, Netflix Standard with Ads, TVING",True
110.0,명탐정 코난: 척안의 잔상,시게하라 카츠야,,(주)씨제이이엔엠,(주)씨제이이엔엠,2025-07-16,개봉영화,장편,일본,901,"7,276,851,240","739,385","1,934,851,630","187,059",애니메이션,12세이상관람가,일반영화,TVING,False
113.0,행복의 나라,추창민,"(주)파파스필름,오스카10스튜디오",,(주)넥스트엔터테인먼트월드(NEW),2024-08-14,개봉영화,장편,한국,"1,096","6,561,260,142","710,327","1,551,238,962","164,182",드라마,12세이상관람가,일반영화,"Netflix, Netflix Standard with Ads",True
114.0,더 마블스,니아 다코스타,,월트디즈니컴퍼니코리아 유한책임회사,월트디즈니컴퍼니코리아 유한책임회사,2023-11-08,개봉영화,장편,미국,"1,532","6,841,156,465","690,814","1,932,480,968","181,909",액션,12세이상관람가,일반영화,Disney Plus,False
115.0,탈출: 프로젝트 사일런스,김태곤,"씨제이이엔엠 스튜디오스 주식회사,블라드스튜디오",,(주)씨제이이엔엠,2024-07-12,개봉영화,장편,한국,"1,078","6,704,394,362","687,918","1,352,141,401","133,688",스릴러,15세이상관람가,일반영화,"Netflix, Netflix Standard with Ads, TVING",True
116.0,리바운드,장항준,"(주)비에이엔터테인먼트,워크하우스컴퍼니(주)",,(주)바른손이앤에이,2023-04-05,개봉영화,장편,한국,"1,154","6,585,399,348","686,293","1,788,626,037","182,084",드라마,12세이상관람가,일반영화,"Netflix, wavve, Netflix Standard with Ads, TVING",True
117.0,귀공자,박훈정,"(주)영화사 금월,(주)스튜디오앤뉴",,(주)넥스트엔터테인먼트월드(NEW),2023-06-21,개봉영화,장편,한국,966,"6,703,071,465","682,742","1,626,471,729","162,939",액션,청소년관람불가,일반영화,"Netflix, Netflix Standard with Ads",True
118.0,와일드 로봇,크리스 샌더스,,유니버설픽쳐스인터내셔널 코리아(유),유니버설픽쳐스인터내셔널 코리아(유),2024-10-01,개봉영화,장편,미국,"1,062","6,096,775,545","673,737","1,595,554,760","167,225",애니메이션,전체관람가,일반영화,"Netflix, Netflix Standard with Ads",True
119.0,유령,이해영,더램프스튜디오(주),,(주)씨제이이엔엠,2023-01-18,개봉영화,장편,한국,"1,099","6,760,765,879","664,146","1,745,733,606","168,158",드라마,15세이상관람가,일반영화,"Watcha, TVING",False
120.0,보통의 가족,허진호,(주)하이브미디어코프,,"(주)하이브미디어코프,(주)마인드마크",2024-10-16,개봉영화,장편,한국,"1,277","6,043,915,570","649,895","1,722,237,470","179,337",드라마,15세이상관람가,일반영화,Disney Plus,False
121.0,인어공주,롭 마샬,,월트디즈니컴퍼니코리아 유한책임회사,월트디즈니컴퍼니코리아 유한책임회사,2023-05-24,개봉영화,장편,미국,"1,364","6,668,613,190","647,706","1,961,448,868","178,418",뮤지컬,전체관람가,일반영화,Disney Plus,False
123.0,원더랜드,김태용,"(주)영화사봄,(주)기린제작사",,(주)에이스메이커무비웍스,2024-06-05,개봉영화,장편,한국,"1,165","5,873,441,710","620,992","1,630,496,539","164,185",드라마,12세이상관람가,일반영화,"Netflix, Netflix Standard with Ads, TVING",True
125.0,엘리오,"도미 시,매들린 샤라피안,아드리안 몰리나",,월트디즈니컴퍼니코리아 유한책임회사,월트디즈니컴퍼니코리아 유한책임회사,2025-06-18,개봉영화,장편,미국,"1,110","5,625,275,750","615,812","1,584,104,790","164,013",애니메이션,전체관람가,일반영화,Disney Plus,False
127.0,아마존 활명수,김창주,"(주)로드픽쳐스,(주)씨제이이엔엠",,(주)바른손이앤에이,2024-10-30,개봉영화,장편,한국,"1,479","5,390,831,280","606,612","1,178,671,940","128,077",코미디,12세이상관람가,일반영화,"Netflix, Netflix Standard with Ads",True
128.0,판타스틱 4: 새로운 출발,맷 샤크먼,,월트디즈니컴퍼니코리아 유한책임회사,월트디즈니컴퍼니코리아 유한책임회사,2025-07-24,개봉영화,장편,미국,"1,027","6,387,300,290","590,759","2,110,610,470","181,098",액션,12세이상관람가,일반영화,Disney Plus,False
130.0,콰이어트 플레이스: 첫째 날,마이클 사노스키,,롯데컬처웍스(주)롯데엔터테인먼트,롯데컬처웍스(주)롯데엔터테인먼트,2024-06-26,개봉영화,장편,미국,942,"5,381,760,525","552,619","1,591,925,526","155,608",스릴러,15세이상관람가,일반영화,"Netflix, Netflix Standard with Ads",True
132.0,윗집 사람들,하정우,"(주)싸이더스,워크하우스컴퍼니(주)",,(주)바이포엠스튜디오,2025-12-03,개봉영화,장편,한국,762,"5,217,047,460","540,298","1,351,939,120","136,333",드라마,청소년관람불가,일반영화,"Netflix, Watcha, Netflix Standard with Ads",True
134.0,3일의 휴가,육상효,글뫼 주식회사,,(주)쇼박스,2023-12-06,개봉영화,장편,한국,863,"4,921,168,917","525,427","1,087,727,701","114,759",판타지,12세이상관람가,일반영화,"Netflix, Netflix Standard with Ads, TVING",True
135.0,설계자,이요섭,영화사 집,,(주)넥스트엔터테인먼트월드(NEW),2024-05-29,개봉영화,장편,한국,"1,345","4,728,639,867","525,369","1,268,452,150","133,440",범죄,15세이상관람가,일반영화,Disney Plus,False
138.0,빅토리,박범수,(주)안나푸르나필름,,(주)마인드마크,2024-08-14,개봉영화,장편,한국,789,"4,544,420,767","508,220","1,274,704,857","139,446",드라마,12세이상관람가,일반영화,Disney Plus,False
140.0,극장판 짱구는 못말려: 초화려! 작열하는 떡잎마을 댄서즈,하시모토 마사카즈,,(주)씨제이이엔엠,(주)씨제이이엔엠,2025-12-24,개봉영화,장편,일본,751,"4,642,672,160","488,704","833,673,220","83,041",애니메이션,전체관람가,일반영화,TVING,False
141.0,더 문,김용화,"씨제이이엔엠 스튜디오스 주식회사,블라드스튜디오",,(주)씨제이이엔엠,2023-08-02,개봉영화,장편,한국,"1,187","4,893,985,038","486,060","1,447,945,116","132,243",SF,12세이상관람가,일반영화,"Watcha, TVING",False
142.0,릴로 & 스티치,딘 플라이셔 캠프,,월트디즈니컴퍼니코리아 유한책임회사,월트디즈니컴퍼니코리아 유한책임회사,2025-05-21,개봉영화,장편,미국,"1,034","4,573,953,310","485,125","1,426,085,890","143,263",애니메이션,전체관람가,일반영화,Disney Plus,False
143.0,소년들,정지영,"(주)아우라픽처스,(주)씨제이이엔엠",,(주)씨제이이엔엠,2023-11-01,개봉영화,장편,한국,"1,042","4,303,729,586","452,858","863,053,636","88,316",드라마,15세이상관람가,일반영화,"Watcha, TVING",False
144.0,악마가 이사왔다,이상근,(주)외유내강,,(주)씨제이이엔엠,2025-08-13,개봉영화,장편,한국,974,"4,136,550,810","437,666","1,024,268,580","101,991",미스터리,12세이상관람가,일반영화,"Netflix, wavve, Netflix Standard with Ads",True
145.0,타겟,박희곤,주식회사 스튜디오피어나,,메가박스중앙(주) 플러스엠 엔터테인먼트,2023-08-30,개봉영화,장편,한국,986,"4,003,424,694","424,916","887,077,277","92,021",스릴러,15세이상관람가,일반영화,"Netflix, Netflix Standard with Ads",True
146.0,보고타: 마지막 기회의 땅,김성제,"(주)영화사수박,(주)이디오플랜",,메가박스중앙(주) 플러스엠 엔터테인먼트,2024-12-31,개봉영화,장편,한국,"1,029","3,899,557,760","422,366","1,009,340,700","106,928",범죄,15세이상관람가,일반영화,"Netflix, Netflix Standard with Ads",True
148.0,서치 2,"니콜라스 D 존슨,윌 메릭",,소니픽쳐스엔터테인먼트코리아주식회사극장배급지점,소니픽쳐스엔터테인먼트코리아주식회사극장배급지점,2023-02-22,개봉영화,장편,미국,868,"4,084,323,024","414,598","1,477,904,423","148,045",미스터리,12세이상관람가,일반영화,Bloodstream,False
152.0,싱글 인 서울,박범수,"(주)디씨지플러스,(주)명필름,(주)인사이트필름",,롯데컬처웍스(주)롯데엔터테인먼트,2023-11-29,개봉영화,장편,한국,917,"3,748,567,012","400,651","1,359,848,882","139,476",멜로/로맨스,12세이상관람가,일반영화,"Netflix, wavve, Netflix Standard with Ads, TVING",True
154.0,스위치,마대윤,(주)하이브미디어코프,,롯데컬처웍스(주)롯데엔터테인먼트,2023-01-04,개봉영화,장편,한국,912,"3,793,820,810","399,162","977,792,939","103,811",기타,12세이상관람가,일반영화,"Netflix, wavve, Netflix Standard with Ads, TVING",True
155.0,카운트,권혁재,(주)필름케이,,(주)씨제이이엔엠,2023-02-22,개봉영화,장편,한국,946,"3,772,828,091","397,303","821,482,315","86,921",드라마,12세이상관람가,일반영화,"wavve, TVING",False
156.0,뽀로로 극장판 바닷속 대모험,윤제완,(주)오콘,,씨제이 씨지브이(CJ CGV)(주),2025-01-01,개봉영화,장편,한국,791,"3,372,780,820","397,084","412,157,540","45,632",애니메이션,전체관람가,일반영화,"Netflix, Watcha, Netflix Standard with Ads, TVING",True
157.0,뽀로로 극장판 슈퍼스타 대모험,"윤제완,김성민",(주)오콘,,씨제이 씨지브이(CJ CGV)(주),2023-12-13,개봉영화,장편,한국,850,"3,532,753,203","387,485","451,402,165","46,970",애니메이션,전체관람가,일반영화,"Netflix, Watcha, Netflix Standard with Ads, TVING",True
160.0,살인자 리포트,조영준,"주식회사 위드에이스튜디오,(주)엠아이케이스튜디오",,"소니픽쳐스엔터테인먼트코리아주식회사극장배급지점,주식회사 에이투지엔터테인먼트",2025-09-05,개봉영화,장편,한국,771,"3,648,247,360","365,400","1,081,688,490","105,037",드라마,청소년관람불가,일반영화,"Netflix, Netflix Standard with Ads",True
162.0,28년 후,대니 보일,,소니픽쳐스엔터테인먼트코리아주식회사극장배급지점,소니픽쳐스엔터테인먼트코리아주식회사극장배급지점,2025-06-19,개봉영화,장편,미국,939,"3,250,361,960","362,321","1,005,040,460","109,066",공포(호러),청소년관람불가,일반영화,Netflix,True
163.0,트랜스포머 ONE,조시 쿨리,,롯데컬처웍스(주)롯데엔터테인먼트,롯데컬처웍스(주)롯데엔터테인먼트,2024-09-25,개봉영화,장편,미국,"1,060","3,368,873,455","360,891","834,187,480","83,254",애니메이션,전체관람가,일반영화,"Netflix, Netflix Standard with Ads",True
164.0,상견니,황천인,,오드,"오드,리바이브콘텐츠 주식회사,씨제이 씨지브이(CJ CGV)(주)",2023-01-25,개봉영화,장편,대만,699,"3,608,720,638","360,873","1,245,753,581","121,055",드라마,15세이상관람가,일반영화,"wavve, Watcha",False
166.0,임영웅│아임 히어로 더 스타디움,"조우영,정현철",(주)씨제이이엔엠,,"씨지브이 아이스콘,씨제이포디플렉스 주식회사",2024-08-28,개봉영화,장편,한국,224,"10,117,142,500","357,858","3,717,539,500","127,674",공연,전체관람가,일반영화,"Netflix, Netflix Standard with Ads",True
167.0,도그데이즈,김덕민,(주)씨제이이엔엠,,(주)씨제이이엔엠,2024-02-07,개봉영화,장편,한국,847,"3,478,441,608","357,393","838,519,314","82,519",드라마,12세이상관람가,일반영화,"Netflix, Netflix Standard with Ads, TVING",True
168.0,대가족,양우석,게니우스 유한회사,,롯데컬처웍스(주)롯데엔터테인먼트,2024-12-11,개봉영화,장편,한국,939,"3,026,116,800","346,477","844,203,020","94,763",드라마,12세이상관람가,일반영화,"Netflix, Netflix Standard with Ads, TVING",True
172.0,발레리나,렌 와이즈먼,,판씨네마(주),판씨네마(주),2025-08-06,개봉영화,장편,미국,757,"3,182,923,670","319,425","1,095,526,990","105,923",액션,청소년관람불가,일반영화,"Netflix, Netflix Standard with Ads",True
173.0,웅남이,박성광,(주)영화사김치,,씨제이 씨지브이(CJ CGV)(주),2023-03-22,개봉영화,장편,한국,829,"2,867,713,071","314,152","566,405,921","63,793",코미디,15세이상관람가,일반영화,"Netflix, Netflix Standard with Ads",True
174.0,거미집,김지운,앤솔로지스튜디오(주),,(주)바른손이앤에이,2023-09-27,개봉영화,장편,한국,"1,058","3,003,379,576","313,686","1,014,795,571","104,695",코미디,15세이상관람가,일반영화,"Netflix, Watcha, Netflix Standard with Ads, TVING",True
175.0,1승,신연식,(주) 루스이소니도스,,"(주)콘텐츠지오,(주)키다리스튜디오,㈜아티스트컴퍼니",2024-12-04,개봉영화,장편,한국,995,"2,685,227,430","308,943","751,970,480","83,728",드라마,12세이상관람가,일반영화,Disney Plus,False
176.0,룩백,오시야마 키요타카,,메가박스중앙(주),메가박스중앙(주),2024-09-05,개봉영화,장편,일본,206,"2,872,719,878","299,096","1,162,586,655","113,591",애니메이션,전체관람가,일반영화,Amazon Prime Video,False
179.0,극장판 스파이 패밀리 코드 : 화이트,카타기리 타카시,,에스엠지홀딩스 주식회사,"(주)넥스트엔터테인먼트월드(NEW),(주)대교 미디어콘텐츠사업본부",2024-03-20,개봉영화,장편,일본,917,"2,818,845,965","282,867","906,664,591","87,765",애니메이션,12세이상관람가,일반영화,"Netflix, Disney Plus, Watcha, Netflix Standard with Ads, TVING",True
180.0,브레드이발소: 베이커리타운의 악당들,정지환,주식회사 브레드이발소,,씨제이 씨지브이(CJ CGV)(주),2025-09-27,개봉영화,장편,한국,387,"2,494,627,600","282,480","320,796,600","36,394",애니메이션,전체관람가,일반영화,"Netflix, Netflix Standard with Ads",True
181.0,넘버원,김태용,"주식회사 세미콜론스튜디오,스튜디오더블엠 주식회사",,(주)바이포엠스튜디오,2026-02-11,개봉영화,장편,한국,652,"2,681,906,020","279,958","647,309,870","63,997",드라마,12세이상관람가,일반영화,"Netflix, Netflix Standard with Ads",True
183.0,용감한 시민,박진표,"스튜디오엔(주),볼미디어(주)",,(주)마인드마크,2023-10-25,개봉영화,장편,한국,887,"2,445,021,472","266,816","504,465,088","53,942",액션,15세이상관람가,일반영화,wavve,False
185.0,뽀로로 극장판 스위트캐슬 대모험,천유림,(주)오콘,,"롯데컬처웍스(주)롯데엔터테인먼트,롯데컬처웍스(주)롯데시네마",2025-12-11,개봉영화,장편,한국,660,"2,301,821,710","265,505","330,834,580","35,054",애니메이션,전체관람가,일반영화,"Watcha, TVING",False
186.0,화란,김창훈,(주)사나이픽처스,,메가박스중앙(주) 플러스엠 엔터테인먼트,2023-10-11,개봉영화,장편,한국,976,"2,505,690,490","263,087","616,084,455","63,712",드라마,15세이상관람가,일반영화,"Netflix, wavve, Netflix Standard with Ads",True
187.0,"안녕, 할부지","심형준,토마스 고",(주)에이컴즈,,(주)바른손이앤에이,2024-09-04,개봉영화,장편,한국,"1,021","2,396,503,239","260,333","705,807,340","73,224",다큐멘터리,전체관람가,일반영화,"Netflix, Watcha, Netflix Standard with Ads",True
188.0,로비,하정우,"워크하우스컴퍼니(주),(주)필름모멘텀",,(주)쇼박스,2025-04-02,개봉영화,장편,한국,"1,013","2,426,172,740","257,760","715,301,300","71,817",드라마,15세이상관람가,일반영화,"Netflix, Watcha, Netflix Standard with Ads, TVING",True
189.0,크리에이터,가렛 에드워즈,,월트디즈니컴퍼니코리아 유한책임회사,월트디즈니컴퍼니코리아 유한책임회사,2023-10-03,개봉영화,장편,미국,878,"2,710,714,272","256,803","892,118,530","79,300",SF,12세이상관람가,일반영화,"Netflix, Watcha, Netflix Standard with Ads",True
190.0,옥수역귀신,정용기,"(주)영화사조아,(주)더프라이데이픽처스",,(주)스마일이엔티,2023-04-19,개봉영화,장편,한국,314,"2,741,672,100","256,196","508,562,300","47,121",공포(호러),15세이상관람가,일반영화,"Netflix, wavve, Watcha, Netflix Standard with Ads, TVING",True
192.0,하트맨,최원섭,"(주)무비락,(주)라이크엠컴퍼니",,롯데컬처웍스(주)롯데엔터테인먼트,2026-01-14,개봉영화,장편,한국,839,"2,305,660,270","247,887","544,721,240","55,701",코미디,12세이상관람가,일반영화,"Netflix, Netflix Standard with Ads, TVING",True
194.0,데드맨,하준원,"(주)팔레트픽처스,(주)사람엔터테인먼트",,메가박스중앙(주) 플러스엠 엔터테인먼트,2024-02-07,개봉영화,장편,한국,800,"2,257,546,704","236,661","514,590,306","52,144",범죄,15세이상관람가,일반영화,wavve,False
196.0,소울메이트,민용근,"클라이맥스 스튜디오(주),(주)앤드마크,(주)스튜디오앤뉴,(주)키이스트",,(주)넥스트엔터테인먼트월드(NEW),2023-03-15,개봉영화,장편,한국,749,"2,236,460,069","231,257","805,943,753","81,407",드라마,12세이상관람가,일반영화,"Netflix, Netflix Standard with Ads",True
198.0,나폴레옹,리들리 스콧,,,소니픽쳐스엔터테인먼트코리아주식회사극장배급지점,2023-12-06,개봉영화,장편,미국,822,"2,250,902,673","227,354","792,670,034","76,593",전쟁,15세이상관람가,일반영화,Apple TV,False
202.0,베니스 유령 살인사건,케네스 브래너,,월트디즈니컴퍼니코리아 유한책임회사,월트디즈니컴퍼니코리아 유한책임회사,2023-09-13,개봉영화,장편,미국,876,"2,004,013,347","205,102","714,856,546","71,443",범죄,12세이상관람가,일반영화,Disney Plus,False
203.0,사흘,현문섭,(주)아이필름코퍼레이션,,(주)쇼박스,2024-11-14,개봉영화,장편,한국,836,"1,878,697,640","200,490","431,077,120","44,946",공포(호러),15세이상관람가,일반영화,"Netflix, Watcha, Netflix Standard with Ads, TVING",True
204.0,브로큰,김진황,"을지기획 주식회사,(주)사나이픽처스",,(주)바른손이앤에이,2025-02-05,개봉영화,장편,한국,818,"1,821,830,700","196,833","440,534,680","45,522",범죄,15세이상관람가,일반영화,"Netflix, Netflix Standard with Ads",True
205.0,멍뭉이,김주환,"(주)와이웍스엔터테인먼트,(주)돈키호테엔터테인먼트",,(주)키다리스튜디오,2023-03-01,개봉영화,장편,한국,649,"1,812,783,386","194,391","547,069,576","56,292",드라마,전체관람가,일반영화,"Netflix, wavve, Watcha, Netflix Standard with Ads",True
207.0,킬링 로맨스,이원석,"(주)영화사 이창,쇼트케이크(주)",,롯데컬처웍스(주)롯데엔터테인먼트,2023-04-14,개봉영화,장편,한국,998,"1,832,316,642","191,542","715,774,760","73,330",코미디,15세이상관람가,일반영화,"Netflix, wavve, Watcha, Netflix Standard with Ads, TVING",True
209.0,백설공주,마크 웹,,월트디즈니컴퍼니코리아 유한책임회사,월트디즈니컴퍼니코리아 유한책임회사,2025-03-19,개봉영화,장편,미국,"1,043","1,786,010,770","190,530","476,074,310","47,482",판타지,전체관람가,일반영화,Disney Plus,False
210.0,더 폴: 디렉터스 컷,타셈 싱,,주식회사 오디언스,주식회사 오디언스,2024-12-25,개봉영화,장편,영국,89,"1,945,862,300","188,441","1,178,026,900","110,882",드라마,12세이상관람가,일반영화,Disney Plus,False
212.0,브레드이발소: 셀럽 인 베이커리타운,정지환,주식회사 브레드이발소,,롯데컬처웍스(주)롯데엔터테인먼트,2024-03-01,개봉영화,장편,한국,342,"1,556,568,690","183,479","269,713,920","30,533",애니메이션,전체관람가,일반영화,"Netflix, Netflix Standard with Ads",True
214.0,오멘: 저주의 시작,아르카샤 스티븐슨,,월트디즈니컴퍼니코리아 유한책임회사,월트디즈니컴퍼니코리아 유한책임회사,2024-04-03,개봉영화,장편,미국,644,"1,857,073,182","180,448","543,257,823","51,952",공포(호러),15세이상관람가,일반영화,Disney Plus,False
215.0,극장판 포켓몬스터 AG: 뮤와 파동의 용사 루카리오,유야마 쿠니히코,,(주)포켓몬코리아,롯데컬처웍스(주)롯데엔터테인먼트,2025-01-22,개봉영화,장편,일본,667,"1,593,814,180","180,261","280,272,160","30,035",애니메이션,전체관람가,일반영화,"Netflix, wavve, Watcha, Netflix Standard with Ads, TVING",True
216.0,트론: 아레스,요아킴 뢰닝,,월트디즈니컴퍼니코리아 유한책임회사,월트디즈니컴퍼니코리아 유한책임회사,2025-10-08,개봉영화,장편,미국,779,"1,899,878,820","172,267","653,344,990","53,959",SF,12세이상관람가,일반영화,Disney Plus,False
218.0,동화지만 청불입니다,이종석,"골드독엔터테인먼트(주),(주)기억속의매미",,"(주)미디어캔,(주)영화특별시에스엠씨",2025-01-08,개봉영화,장편,한국,668,"1,564,238,340","168,500","468,271,220","49,584",코미디,청소년관람불가,일반영화,"Netflix, Netflix Standard with Ads",True
220.0,플라워 킬링 문,마틴 스코세이지,,,롯데컬처웍스(주)롯데엔터테인먼트,2023-10-19,개봉영화,장편,미국,719,"1,573,261,909","166,226","690,991,661","71,910",범죄,청소년관람불가,일반영화,"Apple TV, TVING",False
221.0,마루이 비디오,윤준형,"(주)발포플랜,(주)브라더픽처스",,"씨제이 씨지브이(CJ CGV)(주),(주)케이티알파",2023-02-22,개봉영화,장편,한국,284,"1,704,980,000","165,822","311,428,000","31,090",미스터리,15세이상관람가,일반영화,"wavve, Watcha, TVING",False
222.0,"그 시절, 우리가 좋아했던 소녀",조영명,"(주)영화사테이크,주식회사 자유로픽쳐스",,"(주)위지윅스튜디오,씨제이 씨지브이(CJ CGV)(주)",2025-02-21,개봉영화,장편,한국,709,"1,469,638,000","164,767","418,665,300","46,467",멜로/로맨스,12세이상관람가,일반영화,"Netflix, Watcha, Netflix Standard with Ads, TVING",True
224.0,"포켓몬스터: 성도지방 이야기, 최종장",유야마 쿠니히코,,(주)포켓몬코리아,롯데컬처웍스(주)롯데엔터테인먼트,2024-05-01,개봉영화,장편,일본,710,"1,385,194,057","157,303","254,396,536","27,749",애니메이션,전체관람가,일반영화,"Netflix, wavve, Watcha, Netflix Standard with Ads, TVING",True
226.0,극장판 엉덩이 탐정: 미스터리 가면 ~최강의 대결,,,에스엠지홀딩스 주식회사,(주)넥스트엔터테인먼트월드(NEW),2023-09-28,개봉영화,장편,일본,601,"1,278,771,994","141,025","241,889,990","25,852",애니메이션,전체관람가,일반영화,"Netflix, Netflix Standard with Ads",True
227.0,프로젝트 Y,이환,"클라이맥스 스튜디오(주),주식회사 와우포인트",,메가박스중앙(주) 플러스엠 엔터테인먼트,2026-01-21,개봉영화,장편,한국,800,"1,374,381,060","140,808","450,798,490","43,474",범죄,15세이상관람가,일반영화,"Netflix, Netflix Standard with Ads",True
228.0,아가일,매튜 본,,유니버설픽쳐스인터내셔널 코리아(유),유니버설픽쳐스인터내셔널 코리아(유),2024-02-07,개봉영화,장편,미국,841,"1,422,200,957","138,902","556,245,257","51,412",액션,12세이상관람가,일반영화,"Apple TV, TVING",False
230.0,극장판 슈퍼윙스: 맥시멈 스피드,정길훈,(주)퍼니플럭스,,(주)넥스트엔터테인먼트월드(NEW),2023-07-20,개봉영화,장편,한국,407,"1,192,070,958","135,976","220,161,255","24,155",애니메이션,전체관람가,일반영화,"Netflix, Netflix Standard with Ads",True
231.0,보호자,정우성,(주)영화사테이크,,(주)에이스메이커무비웍스,2023-08-15,개봉영화,장편,한국,685,"1,235,354,700","128,133","338,303,129","33,084",액션,15세이상관람가,일반영화,"Netflix, Netflix Standard with Ads, TVING",True
235.0,패스트 라이브즈,셀린 송,,,(주)씨제이이엔엠,2024-03-06,개봉영화,장편,미국,613,"1,152,005,399","123,671","585,487,208","61,187",드라마,12세이상관람가,일반영화,TVING,False
236.0,필사의 추격,김재훈,"(주)콘텐츠지,TCO(주)더콘텐츠온",,TCO(주)더콘텐츠온,2024-08-21,개봉영화,장편,한국,634,"1,055,865,807","121,335","264,740,327","29,805",코미디,15세이상관람가,일반영화,"Netflix, Netflix Standard with Ads",True
239.0,말하고 싶은 비밀,,,(주)시그널픽쳐스,"(주)바이포엠스튜디오,홀리가든",2023-12-13,개봉영화,장편,일본,401,"1,121,475,015","118,928","300,248,803","30,907",멜로/로맨스,전체관람가,일반영화,"Netflix, Netflix Standard with Ads",True
243.0,에브리씽 에브리웨어 올 앳 원스+,"다니엘 콴,다니엘 쉐이너트",,(주)더쿱디스트리뷰션,워터홀컴퍼니(주),2023-03-01,개봉영화,장편,미국,199,"1,119,440,084","109,217","615,992,280","59,394",액션,15세이상관람가,일반영화,"Netflix, wavve, Watcha, Netflix Standard with Ads, TVING",True
246.0,캐리와 슈퍼콜라,"오성윤,이춘백",(주)캐리소프트,,롯데컬처웍스(주)롯데엔터테인먼트,2023-01-18,개봉영화,장편,한국,474,"1,004,792,719","108,487","158,701,544","16,509",애니메이션,전체관람가,일반영화,"wavve, Watcha, TVING",False
247.0,에어,벤 애플렉,,워너브러더스 코리아(주),워너브러더스 코리아(주),2023-04-05,개봉영화,장편,미국,656,"1,045,708,581","108,405","455,321,632","46,207",드라마,15세이상관람가,일반영화,Amazon Prime Video,False
248.0,올빼미,안태진,(주)씨제스스튜디오,,(주)넥스트엔터테인먼트월드(NEW),2022-11-23,개봉영화,장편,한국,"1,541","1,091,352,574","106,780","408,628,951","39,675",스릴러,15세이상관람가,일반영화,"Netflix, Disney Plus, Netflix Standard with Ads",True
249.0,괴기열차,탁세웅,(주)메이킹에이프린트,,(주)넥스트엔터테인먼트월드(NEW),2025-07-09,개봉영화,장편,한국,578,"980,057,850","105,618","195,269,150","20,214",공포(호러),15세이상관람가,일반영화,"Netflix, Netflix Standard with Ads",True
250.0,스트리밍,조장호,베리굿스튜디오(주),,롯데컬처웍스(주)롯데엔터테인먼트,2025-03-21,개봉영화,장편,한국,819,"1,010,579,120","104,505","311,294,500","31,001",스릴러,청소년관람불가,일반영화,"Netflix, Netflix Standard with Ads, TVING",True
252.0,뉴 노멀,정범식,언파스튜디오,,(주)바이포엠스튜디오,2023-11-08,개봉영화,장편,한국,546,"973,948,873","101,636","308,364,559","31,582",스릴러,15세이상관람가,일반영화,"Netflix, Netflix Standard with Ads",True
253.0,귀신 부르는 앱: 영,,(주)하트피플,,(주)삼백상회,2026-02-18,개봉영화,장편,한국,190,"998,226,700","101,537","184,199,900","19,402",공포(호러),15세이상관람가,일반영화,"Watcha, TVING",False
254.0,비키퍼,데이비드 에이어,,(주)올스타엔터테인먼트,(주)바른손이앤에이,2024-04-03,개봉영화,장편,미국,713,"945,286,905","101,325","286,838,175","30,617",액션,청소년관람불가,일반영화,"Netflix, wavve, Watcha, Netflix Standard with Ads",True
258.0,아마추어,제임스 하위스,,월트디즈니컴퍼니코리아 유한책임회사,월트디즈니컴퍼니코리아 유한책임회사,2025-04-09,개봉영화,장편,미국,728,"905,461,350","96,448","314,295,570","32,758",액션,12세이상관람가,일반영화,Disney Plus,False
259.0,명탐정 코난: 세기말의 마술사,코다마 켄지,,(주)씨제이이엔엠,(주)씨제이이엔엠,2026-03-27,개봉영화,장편,일본,252,"988,135,450","96,159","291,235,500","27,341",애니메이션,12세이상관람가,일반영화,Watcha,False
260.0,화사한 그녀,이승준,"(주)신영이엔씨,(주)제이앤씨미디어그룹",,"(주)제이앤씨미디어그룹,주식회사 로아앤코홀딩스",2023-10-11,개봉영화,장편,한국,414,"888,872,900","96,146","232,519,400","24,701",코미디,12세이상관람가,일반영화,"Netflix, wavve, Watcha, Netflix Standard with Ads, TVING",True
262.0,프랑켄슈타인 : 더 뮤지컬 라이브,박재석,(주)위즈온센,,"(주)위즈온센,메가박스중앙(주)",2025-09-18,개봉영화,장편,한국,176,"2,303,799,100","93,574","926,907,800","37,856",공연,15세이상관람가,일반영화,Disney Plus,False
266.0,명탐정 코난: 17년 전의 진상,야마모토 야스이치로,,(주)씨제이이엔엠,(주)씨제이이엔엠,2025-09-19,개봉영화,장편,일본,271,"936,247,600","89,624","235,752,800","21,887",애니메이션,12세이상관람가,일반영화,TVING,False
269.0,더러운 돈에 손대지 마라,김민수,리양필름(주),,(주)에이스메이커무비웍스,2024-10-17,개봉영화,장편,한국,796,"814,106,280","88,272","181,884,350","18,822",범죄,15세이상관람가,일반영화,"Watcha, TVING",False
272.0,명탐정 코난: 시한장치의 마천루,코다마 켄지,,(주)씨제이이엔엠,(주)씨제이이엔엠,2024-10-02,개봉영화,장편,일본,554,"786,643,290","83,105","174,962,450","17,907",애니메이션,12세이상관람가,일반영화,"Watcha, TVING",False
273.0,극장판 프로젝트 세카이 부서진 세카이와 전해지지 않는 미쿠의 노래,,,(주)애니플러스,(주)애니플러스,2025-05-29,개봉영화,장편,일본,167,"776,998,450","82,581","288,796,640","28,722",애니메이션,전체관람가,일반영화,"Watcha, TVING",False
275.0,파벨만스,스티븐 스필버그,,(주)씨제이이엔엠,(주)씨제이이엔엠,2023-03-22,개봉영화,장편,미국,450,"814,957,157","80,767","462,207,739","45,287",드라마,12세이상관람가,일반영화,"Watcha, TVING",False
281.0,악마들,김재훈,(주)콘텐츠지,,TCO(주)더콘텐츠온,2023-07-05,개봉영화,장편,한국,613,"798,202,273","79,688","171,214,593","16,709",액션,청소년관람불가,일반영화,"Netflix, Netflix Standard with Ads",True
282.0,명탐정 코난: 14번째 표적,코다마 켄지,,(주)씨제이이엔엠,(주)씨제이이엔엠,2025-02-14,개봉영화,장편,일본,587,"744,149,040","79,182","177,235,800","17,911",애니메이션,12세이상관람가,일반영화,"Watcha, TVING",False
286.0,직장상사 길들이기,샘 레이미,,월트디즈니컴퍼니코리아 유한책임회사,월트디즈니컴퍼니코리아 유한책임회사,2026-01-28,개봉영화,장편,미국,661,"714,197,500","75,760","270,486,580","27,751",스릴러,15세이상관람가,일반영화,Disney Plus,False
287.0,나의 히어로 아카데미아 더 무비: 유어 넥스트,오카무라 텐사이,,대원미디어(주),씨제이 씨지브이(CJ CGV)(주),2024-11-20,개봉영화,장편,일본,177,"739,618,100","75,305","262,425,500","25,916",애니메이션,12세이상관람가,일반영화,"Netflix, Netflix Standard with Ads",True
288.0,신비아파트 극장판 차원도깨비와 7개의 세계,변영규,(주)씨제이이엔엠,,(주)씨제이이엔엠,2022-12-14,개봉영화,장편,한국,665,"708,846,095","75,109","86,626,606","9,063",애니메이션,전체관람가,일반영화,"Netflix, wavve, Watcha, Netflix Standard with Ads, TVING",True
289.0,유미의 세포들 더 무비,,"(주)로커스,스튜디오엔(주)",,"씨제이 씨지브이(CJ CGV)(주),롯데컬처웍스(주)롯데시네마",2024-04-03,개봉영화,장편,한국,441,"589,527,900","73,531","193,153,050","24,611",애니메이션,전체관람가,일반영화,TVING,False
291.0,젠틀맨,김경원,"(주)트릭스터,주식회사 에이치앤드엔터테인먼트",,메가박스중앙(주) 플러스엠 엔터테인먼트,2022-12-28,개봉영화,장편,한국,751,"696,066,848","72,160","228,602,000","23,429",범죄,15세이상관람가,일반영화,wavve,False
292.0,세븐틴 투어 ‘팔로우’ 어게인 투 시네마,오윤동,"씨제이포디플렉스 주식회사,스크린엑스 스튜디오",,씨제이포디플렉스 주식회사,2024-08-14,개봉영화,장편,한국,107,"1,785,890,500","71,448","812,405,000","32,508",공연,전체관람가,일반영화,Disney Plus,False
295.0,시스터,진성문,(주)와인드업필름,,"주식회사 로아앤코홀딩스,씨지브이 픽처스",2026-01-28,개봉영화,장편,한국,650,"586,044,080","70,293","179,672,140","21,182",스릴러,15세이상관람가,일반영화,Netflix,True
296.0,나쁜계집애: 달려라 하니,허정수,"(주)플레이칸,(주)스튜디오고인돌,(주)레드독컬처하우스",,(주)넥스트엔터테인먼트월드(NEW),2025-10-07,개봉영화,장편,한국,487,"631,144,230","69,670","187,555,500","19,637",애니메이션,전체관람가,일반영화,"Netflix, Watcha, Netflix Standard with Ads, TVING",True
297.0,바이러스,강이관,더램프스튜디오(주),,(주)바이포엠스튜디오,2025-05-07,개봉영화,장편,한국,663,"610,906,960","68,537","191,887,900","20,210",드라마,12세이상관람가,일반영화,"Netflix Standard with Ads, TVING",False
299.0,귀시,홍원기,"(주)제리굿컴퍼니,쟈니브로스(주)",,"(주)바이포엠스튜디오,(주)제리굿컴퍼니",2025-09-17,개봉영화,장편,한국,621,"681,253,410","68,281","147,245,100","14,415",공포(호러),15세이상관람가,일반영화,Disney Plus,False
300.0,도티와 영원의 탑,"배완,양희성,박인한",(주)샌드박스네트워크,,(주)넥스트엔터테인먼트월드(NEW),2023-12-27,개봉영화,장편,한국,370,"628,774,015","67,840","120,423,064","12,662",애니메이션,전체관람가,일반영화,"wavve, Watcha, TVING",False
303.0,쏘우 X,케빈 그루터트,,(주)올스타엔터테인먼트,"(주)올스타엔터테인먼트,(주)플레이그램",2023-12-13,개봉영화,장편,미국,571,"679,602,885","65,130","205,764,524","19,469",공포(호러),청소년관람불가,일반영화,"wavve, TVING",False
305.0,우마무스메 프리티 더비 새로운 시대의 문,,,(주)애니플러스,(주)애니플러스,2024-07-11,개봉영화,장편,일본,136,"684,501,192","64,725","312,368,674","27,910",애니메이션,전체관람가,일반영화,Watcha,False
306.0,브링 허 백,"대니 필리푸,마이클 필리푸",,소니픽쳐스엔터테인먼트코리아주식회사극장배급지점,소니픽쳐스엔터테인먼트코리아주식회사극장배급지점,2025-06-06,개봉영화,장편,미국,246,"537,796,000","64,268","206,137,300","24,557",공포(호러),청소년관람불가,일반영화,"Netflix, Netflix Standard with Ads",True
307.0,머티리얼리스트,셀린 송,,소니픽쳐스엔터테인먼트코리아주식회사극장배급지점,소니픽쳐스엔터테인먼트코리아주식회사극장배급지점,2025-08-08,개봉영화,장편,미국,172,"590,015,500","63,628","355,140,060","36,421",멜로/로맨스,12세이상관람가,일반영화,"Netflix, Netflix Standard with Ads",True
309.0,익스펜더블 4,스캇 워프,,(주)올스타엔터테인먼트,"(주)올스타엔터테인먼트,(주)플레이그램",2023-10-18,개봉영화,장편,미국,634,"604,243,589","63,178","172,746,189","17,987",액션,청소년관람불가,일반영화,"Netflix, wavve, Watcha, Netflix Standard with Ads, TVING",True
310.0,메소드연기,이기혁,(주)런업컴퍼니,,(주)바이포엠스튜디오,2026-03-18,개봉영화,장편,한국,519,"578,966,130","62,639","199,464,920","19,197",드라마,12세이상관람가,일반영화,"Disney Plus, wavve",False
311.0,시크릿쥬쥬 마법의 하모니,조경호,,,(주)씨제이이엔엠,2025-05-01,개봉영화,장편,한국,575,"557,216,160","62,103","81,835,400","8,525",애니메이션,전체관람가,일반영화,TVING,False
313.0,레드 원,제이크 캐스단,,워너브러더스 코리아(주),워너브러더스 코리아(주),2024-11-06,개봉영화,장편,미국,598,"594,041,280","60,575","173,879,900","16,513",액션,12세이상관람가,일반영화,Amazon Prime Video,False
315.0,컴플리트 언노운,제임스 맨골드,,월트디즈니컴퍼니코리아 유한책임회사,월트디즈니컴퍼니코리아 유한책임회사,2025-02-26,개봉영화,장편,미국,455,"582,414,630","60,363","281,550,270","28,258",드라마,12세이상관람가,일반영화,Disney Plus,False
319.0,귀신경찰,김영준,HJ필름,,"(주)제이앤씨미디어그룹,와이드 릴리즈(주)",2025-01-24,개봉영화,장편,한국,378,"506,365,800","58,631","105,543,400","12,452",코미디,12세이상관람가,일반영화,"Watcha, TVING",False
321.0,나혼자 프린스,김성훈,"(주)제리굿컴퍼니,(주)영화사 이창,(주)웨스트월드",,"씨제이 씨지브이(CJ CGV)(주),(주)제리굿컴퍼니,씨지브이 픽처스",2025-11-19,개봉영화,장편,한국,536,"509,506,310","56,198","128,683,000","13,962",코미디,12세이상관람가,일반영화,Disney Plus,False
322.0,스마일 2,파커 핀,,롯데컬처웍스(주)롯데엔터테인먼트,롯데컬처웍스(주)롯데엔터테인먼트,2024-10-16,개봉영화,장편,미국,549,"550,694,670","56,072","183,676,500","18,687",공포(호러),청소년관람불가,일반영화,"Netflix, Netflix Standard with Ads",True
323.0,바람 따라 만나리 : 김호중의 계절,오윤동,씨제이포디플렉스 주식회사,,"씨제이포디플렉스 주식회사,씨지브이 아이스콘",2023-10-18,개봉영화,장편,한국,78,"1,259,322,000","56,054","473,464,500","21,070",공연,전체관람가,일반영화,"Netflix, wavve, Watcha, Netflix Standard with Ads, TVING",True
324.0,영화 이상한 과자 가게 전천당,나카타 히데오,,에스엠지홀딩스 주식회사,(주)넥스트엔터테인먼트월드(NEW),2025-02-19,개봉영화,장편,일본,246,"472,242,300","55,862","81,106,100","9,850",판타지,전체관람가,일반영화,TVING,False
327.0,사운드 오브 프리덤,알레한드로 고메즈 몬테베르드,,(주)콘텐츠판다,(주)넥스트엔터테인먼트월드(NEW),2024-02-21,개봉영화,장편,미국,248,"578,652,700","53,312","177,090,400","17,257",범죄,15세이상관람가,일반영화,"Netflix, Netflix Standard with Ads",True
331.0,기동전사 건담 시드 프리덤,후쿠다 미츠오,,(주)케이티알파,워터홀컴퍼니(주),2024-04-03,개봉영화,장편,일본,418,"555,481,523","52,443","206,238,861","19,038",애니메이션,12세이상관람가,일반영화,"Netflix, wavve, Watcha, Netflix Standard with Ads, TVING",True
339.0,엘리자벳: 더 뮤지컬 라이브,박재석,(주)위즈온센,,"(주)위즈온센,메가박스중앙(주)",2024-10-16,개봉영화,장편,한국,129,"1,205,556,400","49,275","516,075,800","21,177",공연,12세이상관람가,일반영화,Disney Plus,False
340.0,엘리: 몬스터 패밀리,"피엣 드 라이커,예스퍼 묄러",,(주)올스타엔터테인먼트,"(주)올스타엔터테인먼트,(주)플레이그램",2025-02-14,개봉영화,장편,독일,345,"410,995,440","49,130","60,666,020","6,868",애니메이션,전체관람가,일반영화,Watcha,False
343.0,아이엠 티라노,,,주식회사 원더스튜디오,"주식회사 원더스튜디오,영화사빅",2024-03-01,개봉영화,장편,중국,229,"398,640,400","47,441","56,482,600","6,753",애니메이션,전체관람가,일반영화,"Netflix, wavve, Watcha, Netflix Standard with Ads, TVING",True
344.0,식스데이즈,황재석,(주)MBC,,"씨지브이 아이스콘,씨제이포디플렉스 주식회사",2025-08-13,개봉영화,장편,한국,117,"1,027,874,000","46,901","460,912,000","21,130",드라마,전체관람가,일반영화,"Watcha, TVING",False
349.0,스픽 노 이블,제임스 왓킨스,,유니버설픽쳐스인터내셔널 코리아(유),유니버설픽쳐스인터내셔널 코리아(유),2024-09-11,개봉영화,장편,미국,552,"436,493,110","44,422","129,866,500","12,904",스릴러,15세이상관람가,일반영화,"Netflix, Netflix Standard with Ads",True
350.0,1980,강승용,"히스토리 디앤피,(주)디에이치미디어,굿픽처스",,"(주)제이앤씨미디어그룹,와이드 릴리즈(주)",2024-03-27,개봉영화,장편,한국,521,"390,918,575","43,967","112,853,655","12,431",드라마,12세이상관람가,일반영화,"wavve, Watcha",False
352.0,"극장판 엉덩이 탐정: 안녕, 나의 영원한 친구",,,에스엠지홀딩스 주식회사,(주)넥스트엔터테인먼트월드(NEW),2024-10-01,개봉영화,장편,일본,263,"364,213,500","43,270","92,420,900","10,803",애니메이션,전체관람가,일반영화,"Netflix, Netflix Standard with Ads",True
353.0,플라이 미 투 더 문,그랙 버랜티,,,소니픽쳐스엔터테인먼트코리아주식회사극장배급지점,2024-07-12,개봉영화,장편,미국,306,"400,041,810","43,014","194,211,535","20,501",멜로/로맨스,12세이상관람가,일반영화,Apple TV,False
354.0,헬로카봇 올스타 스페셜,"이슬기,김동준",(주)초이락컨텐츠컴퍼니,,와이드 릴리즈(주),2024-07-31,개봉영화,장편,한국,222,"350,906,100","42,965","37,461,500","4,506",애니메이션,전체관람가,일반영화,"Netflix, Watcha, Netflix Standard with Ads, TVING",True
355.0,백수아파트,이루다,"주식회사 빅펀치픽쳐스,(주)노바필름,(주)이오콘텐츠그룹",,메가박스중앙(주) 플러스엠 엔터테인먼트,2025-02-26,개봉영화,장편,한국,456,"372,938,960","42,951","107,415,360","11,168",미스터리,12세이상관람가,일반영화,"Netflix, Watcha, Netflix Standard with Ads, TVING",True
362.0,데드라인,권봉근,제이티비씨(주),,(주)영화특별시에스엠씨,2024-11-06,개봉영화,장편,한국,192,"290,095,500","41,198","84,575,800","13,442",드라마,12세이상관람가,일반영화,"Watcha, TVING",False
363.0,스노우 폭스2: 몬스터타운 구하기,,,(주)히스토리필름,(주)팝엔터테인먼트,2025-04-26,개봉영화,장편,미국,209,"332,399,000","41,161","45,840,800","5,961",애니메이션,전체관람가,일반영화,"Watcha, TVING",False
365.0,28년 후: 뼈의 사원,니아 다코스타,,소니픽쳐스엔터테인먼트코리아주식회사극장배급지점,소니픽쳐스엔터테인먼트코리아주식회사극장배급지점,2026-02-27,개봉영화,장편,미국,467,"436,763,640","40,987","163,197,390","14,684",공포(호러),청소년관람불가,일반영화,"Netflix, Netflix Standard with Ads",True
366.0,쫑알쫑알 똘똘이: 이상한 마을 대모험,이상호,(주)크레이지버드스튜디오,,(주)크레이지버드스튜디오,2025-04-30,개봉영화,장편,한국,213,"373,548,100","40,716","65,784,900","7,234",애니메이션,전체관람가,일반영화,"Watcha, TVING",False
367.0,괴수 8호: 미션 리컨,미야 시게유키,,(주)애니플러스,메가박스중앙(주),2025-05-07,개봉영화,장편,일본,465,"383,347,980","40,161","119,881,360","11,981",애니메이션,15세이상관람가,일반영화,"Watcha, Crunchyroll, TVING",False
370.0,키타로 탄생 게게게의 수수께끼,,,(주)엔케이컨텐츠,(주)디스테이션,2024-06-12,개봉영화,장편,일본,107,"423,164,500","39,416","194,657,300","17,801",애니메이션,15세이상관람가,일반영화,"Netflix, wavve, Watcha, Netflix Standard with Ads, TVING",True
373.0,극장판 똘똘이: 아기공룡의 비밀,최영진,(주)크레이지버드스튜디오,,(주)크레이지버드스튜디오,2025-11-07,개봉영화,장편,한국,240,"362,605,400","38,747","65,302,200","6,782",애니메이션,전체관람가,일반영화,"Watcha, TVING",False
374.0,킹 오브 프리즘 -유어 엔드리스 콜- 모두 빛나라! 프리즘 투어즈,히시다 마사카즈,,,동우에이앤이(주),2025-07-18,개봉영화,장편,일본,46,"365,038,260","38,728","250,575,520","26,664",애니메이션,전체관람가,일반영화,Watcha,False
376.0,씬,한동석,(주)도어이앤엠,,롯데컬처웍스(주)롯데엔터테인먼트,2024-04-03,개봉영화,장편,한국,409,"354,647,735","38,225","111,159,024","12,169",공포(호러),15세이상관람가,일반영화,"Netflix, Watcha, Netflix Standard with Ads, TVING",True
377.0,헤레틱,"스콧 벡,브라이언 우즈",,㈜스튜디오오르카,"(주)이놀미디어,롯데컬처웍스(주)롯데시네마",2025-04-02,개봉영화,장편,미국,152,"310,750,900","37,934","139,590,200","16,596",스릴러,15세이상관람가,일반영화,TVING,False
381.0,플레인,장-프랑소와 리셰,,(주)누리픽쳐스,(주)누리픽쳐스,2023-03-15,개봉영화,장편,미국,358,"345,665,658","37,691","115,547,220","12,650",액션,15세이상관람가,일반영화,"Watcha, TVING",False
385.0,"부정선거, 신의 작품인가",,,,루디아코프,2025-05-21,개봉영화,장편,한국,140,"334,215,920","37,008","110,077,250","12,731",다큐멘터리,12세이상관람가,일반영화,"Watcha, TVING",False
386.0,롱디,임재완,"트웰브져니(주),바젤레브스프로덕션",,(주)넥스트엔터테인먼트월드(NEW),2023-05-10,개봉영화,장편,한국,262,"302,830,500","35,916","104,903,000","12,516",멜로/로맨스,12세이상관람가,일반영화,"Netflix, Netflix Standard with Ads",True
389.0,구원자,신준,"주식회사 메이데이홀딩컴퍼니,주식회사 스튜디오플럼",,(주)마인드마크,2025-11-05,개봉영화,장편,한국,498,"299,546,310","33,874","88,562,850","9,869",미스터리,15세이상관람가,일반영화,"Netflix, Watcha, Netflix Standard with Ads, TVING",True
392.0,몬스터 하우스2: 인비져블 피닉스,데니스 체르노프,,(주)박수엔터테인먼트,(주)박수엔터테인먼트,2023-02-02,개봉영화,장편,러시아,357,"294,228,222","33,671","29,196,900","3,127",애니메이션,전체관람가,일반영화,"wavve, Watcha, TVING",False
394.0,고트: 더 레전드,,,소니픽쳐스엔터테인먼트코리아주식회사극장배급지점,소니픽쳐스엔터테인먼트코리아주식회사극장배급지점,2026-04-17,개봉영화,장편,미국,505,"293,042,080","33,377","58,445,450","6,304",애니메이션,전체관람가,일반영화,"Netflix, Netflix Standard with Ads",True
395.0,100 미터.,이와이사와 켄지,,(주)미디어캐슬,"롯데컬처웍스(주)롯데시네마,(주)미디어캐슬",2025-10-08,개봉영화,장편,일본,141,"290,841,000","33,308","116,895,100","13,336",애니메이션,전체관람가,일반영화,"Netflix, Netflix Standard with Ads",True
396.0,극장판 파워 디지몬 더 비기닝,타구치 토모히사,,에스엠지홀딩스 주식회사,에스엠지홀딩스 주식회사,2023-11-29,개봉영화,장편,일본,197,"322,378,200","33,280","103,421,700","10,861",애니메이션,12세이상관람가,일반영화,"Netflix, wavve, Watcha, Netflix Standard with Ads, TVING",True
398.0,엔드 오브 에반게리온,"안노 히데아키,츠루마키 카즈야",,미라지엔터테인먼트,"(주)삼백상회,(주)라이크콘텐츠",2024-01-17,개봉영화,장편,일본,130,"333,888,336","32,712","161,089,028","15,029",애니메이션,청소년관람불가,일반영화,"Netflix, Watcha, Netflix Standard with Ads, TVING",True
400.0,네가 떨어뜨린 푸른 하늘,사이토 유키,,(주)이놀미디어,"메가박스중앙(주),(주)이놀미디어,(주)바이포엠스튜디오",2023-02-08,개봉영화,장편,일본,449,"308,030,509","32,116","62,070,507","6,644",멜로/로맨스,12세이상관람가,일반영화,"wavve, TVING",False
401.0,731,조림산,,주식회사 콘텐츠존,"주식회사 콘텐츠존,(주)다자인소프트",2026-01-21,개봉영화,장편,중국,326,"297,593,100","32,102","77,850,830","8,472",드라마,15세이상관람가,일반영화,Netflix,True
402.0,빌리와 용감한 녀석들: 스노우 베어 구조대,"가브리엘 리바 팔라시오 알라트리스테,로돌포 리바 팔라시오 알라트리스테",,(주)박수엔터테인먼트,(주)박수엔터테인먼트,2024-11-07,개봉영화,장편,멕시코,323,"239,603,940","32,067","22,264,500","3,011",애니메이션,전체관람가,일반영화,"wavve, Watcha, TVING",False
403.0,이매지너리,제프 와드로,,(주)올스타엔터테인먼트,"(주)올스타엔터테인먼트,(주)플레이그램",2024-08-28,개봉영화,장편,미국,218,"254,251,100","31,778","66,187,900","8,827",공포(호러),12세이상관람가,일반영화,"Watcha, TVING",False
405.0,비투비 타임 : 비투게더 더 무비,,,,(주)케이티알파,2023-11-15,개봉영화,장편,한국,32,"628,174,500","31,412","313,096,000","15,657",공연,전체관람가,일반영화,"wavve, Watcha, TVING",False
407.0,프리키 프라이데이 2,니샤 가나트라,,월트디즈니컴퍼니코리아 유한책임회사,월트디즈니컴퍼니코리아 유한책임회사,2025-08-27,개봉영화,장편,미국,416,"286,117,250","31,122","126,300,680","13,221",코미디,12세이상관람가,일반영화,Disney Plus,False
408.0,극장판 닌자보이 란타로: 도쿠타케 닌자대 최강의 군사,후지모리 마사야,,(주)시그널픽쳐스,(주)디스테이션,2025-05-14,개봉영화,장편,일본,136,"289,623,580","30,800","121,026,900","12,041",애니메이션,전체관람가,일반영화,"Netflix, Watcha, Netflix Standard with Ads, TVING",True
409.0,극장판 호빵맨: 세균맨과 그림책의 루룬,카와고에 준,,(주)초이락미디어,씨제이 씨지브이(CJ CGV)(주),2026-05-23,개봉영화,장편,일본,221,"251,618,350","30,336","46,370,350","5,597",애니메이션,전체관람가,일반영화,TVING,False
410.0,메리 마이 데드 바디,청웨이하오,,(주)리안컨텐츠,"주식회사 원더스튜디오,(주)리안컨텐츠",2023-05-17,개봉영화,장편,대만,103,"346,701,400","30,333","256,998,800","20,465",코미디,12세이상관람가,일반영화,"Netflix, Netflix Standard with Ads",True
411.0,신비아파트 특별편: 붉은 눈의 사신,,(주)씨제이이엔엠,,씨지브이 아이스콘,2024-08-14,개봉영화,장편,한국,93,"361,512,500","30,329","66,625,000","5,549",애니메이션,전체관람가,일반영화,"Netflix, Netflix Standard with Ads, TVING",True
412.0,테일러 스위프트 디 에라스 투어,,,,씨제이포디플렉스 주식회사,2023-11-03,개봉영화,장편,미국,51,"839,042,500","30,232","508,597,000","18,444",공연,전체관람가,일반영화,Disney Plus,False
416.0,중간계,강윤성,(주)포엔터테인먼트,,씨제이 씨지브이(CJ CGV)(주),2025-10-15,개봉영화,장편,한국,245,"178,620,100","28,355","72,762,800","11,218",액션,15세이상관람가,일반영화,"Netflix, Netflix Standard with Ads",True
418.0,슈퍼 엘프: 빨간모자 비밀요정,우테 폰 뮌쇼폴,,(주)박수엔터테인먼트,(주)박수엔터테인먼트,2025-01-15,개봉영화,장편,독일,171,"180,645,200","28,325","47,997,000","7,829",애니메이션,전체관람가,일반영화,"Watcha, TVING",False
420.0,나를 모르는 그녀의 세계에서,미키 타카히로,,주식회사 풍경소리,"와이드 릴리즈(주),(주)키다리스튜디오",2025-05-22,개봉영화,장편,일본,218,"252,789,600","27,888","84,421,500","9,498",멜로/로맨스,12세이상관람가,일반영화,TVING,False
421.0,여귀교- 저주를 부르는 게임,해악륭,,(주)퍼스트런,"메가박스중앙(주),주식회사 로아앤코홀딩스,(주)빌리언스플러스",2023-11-15,개봉영화,장편,대만,401,"252,570,027","27,703","59,900,796","6,604",공포(호러),15세이상관람가,일반영화,"Netflix, Netflix Standard with Ads",True
424.0,괴담만찬,"안상훈,윤은경,김용균,임대웅,채여준","(주)스튜디오투유,(주)아이뉴컴퍼니",,"TCO(주)더콘텐츠온,(주)블루라벨픽쳐스,(주)대교 미디어콘텐츠사업본부",2023-10-18,개봉영화,옴니버스,한국,162,"220,853,620","27,389","65,528,802","8,341",공포(호러),15세이상관람가,일반영화,"Netflix, Netflix Standard with Ads",True
426.0,이상한 집,이시카와 준이치,,(주)바이포엠스튜디오,(주)바이포엠스튜디오,2025-07-17,개봉영화,장편,일본,140,"247,223,500","27,007","67,425,800","7,723",스릴러,15세이상관람가,일반영화,"Netflix, Netflix Standard with Ads, TVING",True
427.0,미스터 로봇,이대희,"(주)이대희 애니메이션스튜디오,(주)302플래닛,㈜인디스토리",,(주)넥스트엔터테인먼트월드(NEW),2025-04-04,개봉영화,장편,한국,453,"215,817,900","26,408","68,731,400","8,340",애니메이션,12세이상관람가,일반영화,"Netflix, Watcha, Netflix Standard with Ads, TVING",True
429.0,사채소년,황동석,(주)26컴퍼니,,영화사빅,2023-11-22,개봉영화,장편,한국,211,"193,797,300","26,149","70,176,500","9,015",액션,15세이상관람가,일반영화,"Netflix, wavve, Watcha, Netflix Standard with Ads, TVING",True
431.0,돌핀보이,,,,와이드 릴리즈(주),2023-01-25,개봉영화,장편,독일,177,"226,353,600","25,387","43,131,700","4,526",애니메이션,전체관람가,일반영화,"Netflix, wavve, Watcha, Netflix Standard with Ads, TVING",True
432.0,엔시티 네이션 : 투 더 월드 인 시네마,오윤동,씨제이포디플렉스 주식회사,,씨제이포디플렉스 주식회사,2023-12-06,개봉영화,장편,한국,87,"555,399,000","25,140","256,783,500","11,525",공연,전체관람가,일반영화,"Watcha, TVING",False
433.0,프로텍터,애드리언 그런버그,(주)아낙시온,,"(주)아센디오,(주)로드쇼플러스,(주)영화특별시에스엠씨",2026-03-25,개봉영화,장편,한국,413,"209,139,810","25,085","67,236,400","7,912",액션,15세이상관람가,일반영화,"Watcha, TVING",False
434.0,스트레이 키즈 : 더 도미네이트 익스피리언스,,,,씨제이포디플렉스 주식회사,2026-02-04,개봉영화,장편,미국,103,"640,848,000","25,022","366,298,000","14,270",공연,전체관람가,일반영화,Disney Plus,False
435.0,백설공주와 일곱난쟁이,,,(주)박수엔터테인먼트,(주)박수엔터테인먼트,2025-04-10,개봉영화,장편,미국,334,"211,873,220","24,954","37,812,700","4,334",애니메이션,전체관람가,일반영화,TVING,False
436.0,플로라 앤 썬,존 카니,,,씨제이 씨지브이(CJ CGV)(주),2023-09-22,개봉영화,장편,미국,120,"182,027,800","24,613","83,917,700","11,068",드라마,15세이상관람가,일반영화,Apple TV,False
438.0,천룡팔부: 교봉전,견자단,,초코필름,(주)팝엔터테인먼트,2023-01-25,개봉영화,장편,홍콩,300,"211,184,266","24,394","84,684,240","10,115",액션,15세이상관람가,일반영화,"Netflix, wavve, Watcha, Netflix Standard with Ads, TVING",True
442.0,엄마를 버리러 갑니다,모홍진,모티브픽쳐스(주),,(주)싸이더스,2025-11-05,개봉영화,장편,한국,158,"211,130,600","23,666","48,556,100","6,010",드라마,12세이상관람가,일반영화,TVING,False
443.0,영화 코바야시네 메이드래곤 외로움쟁이 용,이시하라 타츠야,,(주)애니플러스,(주)애니플러스,2025-07-10,개봉영화,장편,일본,156,"223,856,000","23,479","100,226,500","10,441",애니메이션,12세이상관람가,일반영화,"Netflix, Netflix Standard with Ads",True
444.0,극장판 뽀로로와 친구들: 바이러스를 없애줘!,박영균,(주)오콘,,(주)넥스트엔터테인먼트월드(NEW),2022-12-01,개봉영화,장편,한국,380,"211,318,100","23,359","38,896,400","4,195",애니메이션,전체관람가,일반영화,"Netflix, Watcha, Netflix Standard with Ads, TVING",True
445.0,눈의 여왕5: 스노우 프린세스와 미러랜드의 비밀,알렉세이 트시칠린,,(주)퍼스트런,메가박스중앙(주),2022-12-22,개봉영화,장편,기타,626,"207,161,172","23,331","28,932,293","3,078",애니메이션,전체관람가,일반영화,Watcha,False
446.0,무명,청어,,(주)콘텐츠판다,(주)콘텐츠판다,2023-04-26,개봉영화,장편,중국,201,"203,825,737","22,443","115,847,270","12,029",스릴러,15세이상관람가,일반영화,"Netflix, Watcha, Netflix Standard with Ads",True
448.0,정글비트 2,샘 윌슨,,(주)박수엔터테인먼트,(주)박수엔터테인먼트,2026-01-29,개봉영화,장편,영국,309,"173,461,020","22,308","27,516,800","3,345",애니메이션,전체관람가,일반영화,TVING,False
451.0,기동전사 건담 역습의 샤아,토미노 요시유키,,(주)에스피오 엔터테인먼트코리아,(주)미디어캐슬,2025-05-07,개봉영화,장편,일본,138,"213,334,900","22,173","98,727,300","10,202",애니메이션,12세이상관람가,일반영화,Crunchyroll,False
452.0,스트리머,장형모,"하이컨셉픽쳐스(주),(주)파이브데이",,"TCO(주)더콘텐츠온,(주)블루라벨픽쳐스",2023-05-10,개봉영화,장편,한국,181,"198,703,100","22,111","51,737,600","5,599",공포(호러),15세이상관람가,일반영화,"Netflix, wavve, Watcha, Netflix Standard with Ads, TVING",True
453.0,너는 내 아들,,,주식회사 블루필름웍스,"주식회사 블루필름웍스,(주)버킷스튜디오",2023-06-28,개봉영화,장편,미국,117,"192,632,908","21,989","43,748,118","4,813",드라마,12세이상관람가,일반영화,wavve,False
455.0,DMZ 동물 특공대,홍인표,자루 스튜디오,,(주)박수엔터테인먼트,2024-02-14,개봉영화,장편,한국,201,"161,867,520","21,830","32,401,000","4,501",애니메이션,전체관람가,일반영화,"Watcha, TVING",False
456.0,카구야 님은 고백받고 싶어 -첫 키스는 끝나지 않아-,하타케야마 마모루,,주식회사 애니맥스브로드캐스팅코리아,(주)디스테이션,2023-04-06,개봉영화,장편,일본,107,"240,958,900","21,564","79,460,300","7,026",애니메이션,12세이상관람가,일반영화,"Watcha, TVING",False
459.0,그리고 목련이 필때면,,주식회사 흥픽쳐스,,(주)다자인소프트,2024-08-15,개봉영화,장편,한국,98,"184,197,900","21,062","61,516,000","6,967",다큐멘터리,12세이상관람가,일반영화,wavve,False
460.0,드림쏭2,마크 밸도,,주식회사 원더스튜디오,주식회사 원더스튜디오,2023-10-03,개봉영화,장편,미국,389,"181,644,014","21,025","22,719,228","2,385",애니메이션,전체관람가,일반영화,"wavve, Watcha, TVING",False
461.0,워킹맨,데이비드 에이어,,"(주)스튜디오디에이치엘,(주)키노라이츠","메가박스중앙(주),(주)스튜디오디에이치엘",2025-10-01,개봉영화,장편,미국,173,"161,947,100","20,986","50,828,590","6,553",액션,청소년관람불가,일반영화,"Watcha, TVING",False
462.0,태양의 노래,조영준,(주)케이무비스튜디오,,(주)바이포엠스튜디오,2025-06-11,개봉영화,장편,한국,453,"183,826,100","20,973","81,556,900","8,837",드라마,12세이상관람가,일반영화,"Netflix, Netflix Standard with Ads, TVING",True
463.0,빈틈없는 사이,이우철,(주)갤리온엔터테인먼트,,"(주)갤리온엔터테인먼트,영화로운 형제",2023-07-05,개봉영화,장편,한국,291,"191,595,710","20,926","76,774,055","8,073",멜로/로맨스,15세이상관람가,일반영화,"Netflix, wavve, Watcha, Netflix Standard with Ads, TVING",True
464.0,극장판 실바니안 패밀리: 프레야의 선물,코나카 카즈야,,미라지엔터테인먼트,(주)라이크콘텐츠,2024-05-01,개봉영화,장편,일본,197,"166,577,210","20,828","46,637,990","5,714",애니메이션,전체관람가,일반영화,"Netflix, wavve, Netflix Standard with Ads",True
466.0,스노우 퍼핀즈,,,에이케이엔터테인먼트(주),(주)팝엔터테인먼트,2024-02-15,개봉영화,장편,스페인,315,"172,177,063","20,768","32,264,595","3,816",애니메이션,전체관람가,일반영화,"Watcha, TVING",False
467.0,빼꼼: 미션 투 마스,,,(주)박수엔터테인먼트,(주)박수엔터테인먼트,2024-06-01,개봉영화,장편,중국,160,"152,529,750","20,620","31,364,450","4,593",애니메이션,전체관람가,일반영화,"Netflix, wavve, Watcha, Netflix Standard with Ads",True
468.0,스노우 폭스 : 마법의 돌을 찾아서,,,(주)히스토리필름,와이드 릴리즈(주),2026-01-10,개봉영화,장편,미국,180,"135,877,700","20,481","19,287,300","3,064",애니메이션,전체관람가,일반영화,"Watcha, TVING",False
469.0,세븐틴 [라잇 히어] 월드 투어 인 시네마,오윤동,"씨제이포디플렉스 주식회사,스크린엑스 스튜디오,(주)하이브",,씨제이포디플렉스 주식회사,2025-04-02,개봉영화,장편,한국,96,"545,169,500","20,340","287,334,500","10,746",공연,전체관람가,일반영화,Disney Plus,False
471.0,극장판 총집편 걸즈 밴드 크라이 청춘광주곡,사카이 카즈오,,(주)애니플러스,(주)애니플러스,2026-01-28,개봉영화,장편,일본,130,"198,801,900","20,191","90,123,970","8,607",애니메이션,12세이상관람가,일반영화,"Watcha, TVING",False
473.0,크라임 101,바트 레이튼,,소니픽쳐스엔터테인먼트코리아주식회사극장배급지점,소니픽쳐스엔터테인먼트코리아주식회사극장배급지점,2026-04-08,개봉영화,장편,미국,208,"144,135,910","20,138","53,136,140","6,940",범죄,15세이상관람가,일반영화,Amazon Prime Video,False
475.0,주차금지,손현우,㈜영화사 주단,,"㈜영화사 주단,(주)플레이그램",2025-05-21,개봉영화,장편,한국,135,"149,176,450","19,970","39,438,700","5,495",스릴러,15세이상관람가,일반영화,TVING,False
476.0,극장판 전생했더니 슬라임이었던 건에 대하여: 홍련의 인연편,키쿠치 야스히토,,(주)애니플러스,(주)애니플러스,2023-02-02,개봉영화,장편,일본,123,"202,097,717","19,711","55,949,481","5,114",애니메이션,15세이상관람가,일반영화,"wavve, Watcha",False
477.0,타로,,"영화사 우상,주식회사 스튜디오 창창",,(주)영화특별시에스엠씨,2024-06-14,개봉영화,장편,한국,128,"179,752,600","19,529","81,885,800","8,229",공포(호러),청소년관람불가,일반영화,Netflix Standard with Ads,False
478.0,만천과해,천줘,,오드,오드,2024-07-03,개봉영화,장편,중국,95,"148,549,800","19,231","69,561,100","8,503",범죄,15세이상관람가,일반영화,"Netflix, Netflix Standard with Ads",True
481.0,청춘 돼지는 책가방 소녀의 꿈을 꾸지 않는다,마스이 소이치,,(주)애니플러스,(주)애니플러스,2024-02-01,개봉영화,장편,일본,84,"180,312,331","19,156","68,000,191","6,630",애니메이션,12세이상관람가,일반영화,"wavve, Watcha, TVING",False
483.0,더 로즈: 완벽한 이혼,제이 로치,,월트디즈니컴퍼니코리아 유한책임회사,월트디즈니컴퍼니코리아 유한책임회사,2025-09-17,개봉영화,장편,미국,171,"174,564,720","18,670","84,267,060","8,474",코미디,15세이상관람가,일반영화,Disney Plus,False
484.0,나는 여기에 있다,신근호,(주)미학인우주선,,와이드 릴리즈(주),2023-04-12,개봉영화,장편,한국,122,"143,076,700","18,504","28,697,800","3,457",범죄,15세이상관람가,일반영화,"wavve, Watcha, TVING",False
488.0,아기돼지 3형제: 도넛별 대모험,유위,,(주)히스토리필름,와이드 릴리즈(주),2025-09-04,개봉영화,장편,중국,281,"149,603,460","18,117","17,125,000","1,928",애니메이션,전체관람가,일반영화,TVING,False
492.0,코드: G 주목의 시작,"홍기선,김주신,김영기",엠씨에이,,"주식회사 케이티스튜디오지니,(주)영화특별시에스엠씨",2025-12-27,개봉영화,옴니버스,한국,39,"97,079,200","17,880","33,700,700","5,945",SF,15세이상관람가,일반영화,"Watcha, TVING",False
494.0,드라이브 인 타이페이,조지 황,,,(주)영화특별시에스엠씨,2025-04-11,개봉영화,장편,프랑스,475,"157,433,800","17,763","55,202,800","6,102",액션,15세이상관람가,일반영화,Watcha,False
495.0,프랑켄슈타인,기예르모 델 토로,,,씨제이 씨지브이(CJ CGV)(주),2025-10-22,개봉영화,장편,멕시코,115,"167,283,310","17,456","94,392,340","9,603",SF,청소년관람불가,일반영화,"Netflix, Netflix Standard with Ads",True
496.0,더 크로우,루퍼트 샌더스,,판씨네마(주),판씨네마(주),2024-12-11,개봉영화,장편,프랑스,200,"140,970,300","17,088","63,934,000","7,743",액션,청소년관람불가,일반영화,"Watcha, TVING",False
497.0,영원,데이빗 프레인,,"메가박스중앙(주) 플러스엠 엔터테인먼트,워터홀컴퍼니(주)",워터홀컴퍼니(주),2026-02-04,개봉영화,장편,미국,124,"156,489,400","16,942","83,578,810","8,541",멜로/로맨스,12세이상관람가,일반영화,"Apple TV, TVING",False
501.0,목스박,고훈,스튜디오설,,(주)라온컴퍼니플러스,2024-03-20,개봉영화,장편,한국,122,"147,129,705","16,776","48,049,524","5,257",액션,15세이상관람가,일반영화,"Netflix, wavve, Watcha, Netflix Standard with Ads",True
504.0,4월이 되면 그녀는,,,(주)엔케이컨텐츠,(주)디스테이션,2024-11-13,개봉영화,장편,일본,131,"111,925,000","16,283","50,338,100","7,371",멜로/로맨스,12세이상관람가,일반영화,"Netflix, Watcha, Netflix Standard with Ads, TVING",True
506.0,일주일간 친구,임효겸,,오드,"주식회사 올랄라스토리,오드",2023-09-06,개봉영화,장편,중국,142,"167,503,800","15,718","114,379,500","9,711",드라마,12세이상관람가,일반영화,"Netflix, Netflix Standard with Ads",True
507.0,히어,로버트 저메키스,,㈜스튜디오오르카,"메가박스중앙(주),(주)이놀미디어",2025-02-19,개봉영화,장편,미국,144,"128,794,160","15,544","60,490,260","6,870",드라마,12세이상관람가,일반영화,Disney Plus,False
509.0,빅샤크5: 80일간의 해저일주,,,(주)히스토리필름,(주)팝엔터테인먼트,2024-07-11,개봉영화,장편,중국,172,"111,197,300","15,296","19,833,800","2,726",애니메이션,전체관람가,일반영화,"wavve, Watcha, TVING",False
510.0,캔터빌의 유령,,,주식회사 컨텐츠썬,와이드 릴리즈(주),2025-02-26,개봉영화,장편,미국,144,"125,576,500","15,270","29,049,200","3,532",애니메이션,전체관람가,일반영화,"Watcha, TVING",False
516.0,"기억해, 우리가 사랑한 시간",,,(주)도키엔터테인먼트,"(주)도키엔터테인먼트,(주)키다리스튜디오",2023-10-11,개봉영화,장편,중국,178,"134,122,400","14,601","51,244,750","5,551",멜로/로맨스,전체관람가,일반영화,wavve,False
517.0,커미션,신재민,(주)팬엔터테인먼트,,"(주)팬엔터테인먼트,(주)미디어캐슬",2025-07-16,개봉영화,장편,한국,127,"98,200,360","14,415","38,542,660","5,065",미스터리,15세이상관람가,일반영화,"Netflix, Watcha, Netflix Standard with Ads, TVING",True
518.0,더 킬러,데이빗 핀처,,,씨제이 씨지브이(CJ CGV)(주),2023-10-25,개봉영화,장편,미국,78,"118,471,100","14,036","63,493,500","7,327",스릴러,15세이상관람가,일반영화,"Netflix, Netflix Standard with Ads",True
521.0,오글리스: 웰컴 투 냄새 마을,토비 젠켈,,(주)박수엔터테인먼트,(주)박수엔터테인먼트,2023-04-06,개봉영화,장편,독일,256,"114,511,970","13,747","13,195,800","1,441",애니메이션,전체관람가,일반영화,"wavve, Watcha, TVING",False
522.0,조이 라이드,,,판씨네마(주),판씨네마(주),2023-08-30,개봉영화,장편,미국,225,"115,023,758","13,436","55,595,210","6,364",코미디,청소년관람불가,일반영화,"Netflix, Netflix Standard with Ads, TVING",True
523.0,엔시티 드림 미스터리 랩: 드림 이스케이프 인 시네마,"이예지,오윤동","씨제이포디플렉스 주식회사,스크린엑스 스튜디오",,씨제이포디플렉스 주식회사,2024-12-11,개봉영화,장편,한국,80,"334,050,500","13,363","155,053,000","6,203",공연,전체관람가,일반영화,"Netflix, Netflix Standard with Ads, TVING",True
525.0,유랑지구2,프란트 궈,,(주)박수엔터테인먼트,(주)박수엔터테인먼트,2023-05-10,개봉영화,장편,중국,138,"101,341,320","13,168","39,710,983","4,954",SF,12세이상관람가,일반영화,"Netflix, Watcha, Netflix Standard with Ads",True
527.0,열혈검사,견자단,,(주)엔케이컨텐츠,(주)디스테이션,2025-04-16,개봉영화,장편,중국,107,"89,337,200","13,041","32,463,500","4,936",액션,15세이상관람가,일반영화,"Watcha, TVING",False
529.0,헌티드 맨션,저스틴 시미엔,,월트디즈니컴퍼니코리아 유한책임회사,월트디즈니컴퍼니코리아 유한책임회사,2023-07-26,개봉영화,장편,미국,187,"119,461,383","12,877","53,714,043","5,772",공포(호러),12세이상관람가,일반영화,Disney Plus,False
530.0,극장판 오버로드 성왕국편,이토 나오유키,,(주)애니플러스,(주)애니플러스,2024-11-14,개봉영화,장편,일본,85,"127,102,220","12,788","41,652,500","3,978",애니메이션,15세이상관람가,일반영화,"Watcha, TVING",False
537.0,우리 사랑이 향기로 남을 때,임성용,"(주)도깨비미디어,주식회사 콘텐츠존",,"주식회사 콘텐츠존,(주)다자인소프트",2023-02-08,개봉영화,장편,한국,173,"115,424,800","12,364","40,588,500","4,521",멜로/로맨스,15세이상관람가,일반영화,"wavve, Watcha, TVING",False
538.0,은혼 금혼편 온 씨어터,후지타 요이치,,에스엠지홀딩스 주식회사,"에스엠지홀딩스 주식회사,씨제이 씨지브이(CJ CGV)(주)",2025-03-19,개봉영화,장편,일본,99,"123,812,000","12,354","54,884,200","5,384",애니메이션,15세이상관람가,일반영화,TVING,False
539.0,라이드 온,래리 양,,(주)콘텐츠판다,"(주)넥스트엔터테인먼트월드(NEW),(주)콘텐츠판다",2023-05-31,개봉영화,장편,중국,100,"101,034,008","12,117","54,003,026","6,533",액션,12세이상관람가,일반영화,"Netflix, Netflix Standard with Ads",True
540.0,아기 티라노 디보: 초식이지만 괜찮아!,,,(주)박수엔터테인먼트,(주)박수엔터테인먼트,2026-02-25,개봉영화,장편,중국,150,"91,638,500","12,084","22,195,500","3,130",애니메이션,전체관람가,일반영화,TVING,False
542.0,치치치 치킨의 비밀,"나이젤 W.티어니,동롱",,"(주)팝엔터테인먼트,초코필름",(주)팝엔터테인먼트,2023-08-24,개봉영화,장편,중국,156,"102,686,450","12,034","21,000,500","2,504",애니메이션,전체관람가,일반영화,"wavve, Watcha, TVING",False
544.0,부기맨,롭 새비지,,월트디즈니컴퍼니코리아 유한책임회사,월트디즈니컴퍼니코리아 유한책임회사,2023-06-06,개봉영화,장편,미국,193,"126,795,164","11,865","38,095,363","3,503",공포(호러),15세이상관람가,일반영화,Disney Plus,False
545.0,나의 행복한 결혼,츠카하라 아유코,,(주)엔케이컨텐츠,(주)디스테이션,2023-10-11,개봉영화,장편,일본,109,"87,057,248","11,795","39,953,192","5,323",판타지,12세이상관람가,일반영화,"Netflix, wavve, Watcha, Netflix Standard with Ads, TVING",True
547.0,분노의 강,윤철형,뉴크마그(주),,(주)이놀미디어,2024-05-29,개봉영화,장편,한국,88,"100,458,917","11,766","61,030,200","7,000",드라마,12세이상관람가,일반영화,"wavve, TVING",False
550.0,꼬마돼지 베이브의 바다 대모험,종위,,(주)박수엔터테인먼트,(주)박수엔터테인먼트,2023-03-23,개봉영화,장편,중국,319,"97,864,844","11,540","15,765,793","1,813",애니메이션,전체관람가,일반영화,"wavve, Watcha",False
551.0,캐시 아웃,,,주식회사 제이씨엔터웍스,주식회사 제이씨엔터웍스,2024-09-12,개봉영화,장편,미국,185,"95,980,200","11,252","40,097,800","4,708",액션,12세이상관람가,일반영화,"Netflix, Netflix Standard with Ads",True
554.0,카드캡터 체리 극장판,아사카 모리오,,미라지엔터테인먼트,(주)삼백상회,2026-05-28,개봉영화,장편,일본,162,"118,139,290","11,050","37,992,960","3,365",애니메이션,전체관람가,일반영화,"wavve, Watcha",False
555.0,언젠틀 오퍼레이션,가이 리치,,"(주)더쿱디스트리뷰션,(주)무비다이브",메가박스중앙(주),2025-03-19,개봉영화,장편,영국,134,"84,590,080","11,043","33,261,420","4,155",액션,15세이상관람가,일반영화,Disney Plus,False
556.0,어게인 1997,신승훈,(주)로그라인스튜디오,,(주)메리크리스마스,2024-04-10,개봉영화,장편,한국,305,"98,537,648","10,926","37,520,099","3,958",판타지,15세이상관람가,일반영화,"Netflix, Watcha, Netflix Standard with Ads, TVING",True
557.0,영화 러브 라이브! 니지가사키 학원 스쿨 아이돌 동호회 완결편 제1장,,,(주)애니플러스,(주)애니플러스,2025-02-06,개봉영화,장편,일본,110,"104,477,320","10,914","53,594,200","5,386",애니메이션,전체관람가,일반영화,"Watcha, TVING",False
558.0,걸즈 앤 판처 최종장 제4화,미즈시마 츠토무,,(주)엔케이컨텐츠,(주)디스테이션,2024-01-17,개봉영화,장편,일본,40,"126,905,500","10,753","74,759,000","6,263",애니메이션,12세이상관람가,일반영화,"wavve, Watcha, TVING",False
561.0,은혼 가시아귀편 온 씨어터,후지타 요이치,,에스엠지홀딩스 주식회사,에스엠지홀딩스 주식회사,2025-01-24,개봉영화,장편,일본,1,"113,902,000","10,640","76,385,400","6,927",애니메이션,15세이상관람가,일반영화,TVING,False
562.0,에이티즈 월드 투어 [투워즈 더 라이트 : 윌 투 파워] 인 시네마 ,오윤동,"씨제이포디플렉스 주식회사,스크린엑스 스튜디오",,씨제이포디플렉스 주식회사,2025-05-07,개봉영화,장편,한국,64,"265,397,500","10,616","166,200,000","6,648",공연,전체관람가,일반영화,"Watcha, TVING",False
566.0,헬보이: 크룩드 맨,브라이언 테일러,,주식회사 풍경소리,와이드 릴리즈(주),2024-12-18,개봉영화,장편,미국,131,"87,092,600","10,384","40,621,400","4,854",액션,15세이상관람가,일반영화,TVING,False
567.0,원피스 필름 레드,타니구치 고로,,에스엠지홀딩스 주식회사,(주)넥스트엔터테인먼트월드(NEW),2022-11-30,개봉영화,장편,일본,550,"100,263,879","10,341","61,268,688","6,043",애니메이션,12세이상관람가,일반영화,"Watcha, TVING",False
579.0,366일,신조 타케히코,,(주)엔케이컨텐츠,(주)디스테이션,2025-06-11,개봉영화,장편,일본,134,"82,879,720","9,120","46,551,300","4,610",멜로/로맨스,12세이상관람가,일반영화,"Netflix, Watcha, Netflix Standard with Ads, TVING",True
581.0,제로베이스원 더 퍼스트 투어 [타임리스 월드] 인 시네마,"오윤동,김하민","씨제이포디플렉스 주식회사,스크린엑스 스튜디오",,씨제이포디플렉스 주식회사,2025-03-12,개봉영화,장편,한국,68,"222,175,000","8,887","144,400,000","5,776",공연,전체관람가,일반영화,TVING,False
582.0,"극장판 뱅드림! 잇츠 마이고!!!!! 후편: 노래하자, 우리가 될 수 있는 노래 & 필름 라이브",카키모토 코다이,,(주)애니플러스,(주)애니플러스,2025-06-19,개봉영화,장편,일본,76,"80,974,400","8,870","41,909,000","4,266",애니메이션,전체관람가,일반영화,Watcha,False
583.0,신 가면라이더,안노 히데아키,,대원미디어(주),(주)블루라벨픽쳐스,2024-04-03,개봉영화,장편,일본,85,"66,643,400","8,865","25,262,900","3,420",액션,12세이상관람가,일반영화,Amazon Prime Video,False
585.0,기적을 믿는 소녀,리처드 코렐,,주식회사 온 피크,홀리가든,2023-07-05,개봉영화,장편,미국,76,"81,510,300","8,804","62,865,800","6,873",드라마,전체관람가,일반영화,"wavve, Watcha, TVING",False
595.0,에스파: 월드 투어 인 시네마,"김하민,오윤동",스크린엑스 스튜디오,,씨제이포디플렉스 주식회사,2024-04-10,개봉영화,장편,한국,90,"186,757,000","8,489","110,220,000","5,010",공연,전체관람가,일반영화,TVING,False
596.0,귀멸의 칼날: 환락의 거리 결전편,소토자키 하루오,,주식회사 애니맥스브로드캐스팅코리아,주식회사 애니맥스브로드캐스팅코리아,2025-07-18,개봉영화,장편,일본,116,"86,090,100","8,424","21,425,400","2,033",애니메이션,15세이상관람가,일반영화,"Watcha, TVING",False
597.0,코넬의 상자,이현지,(주)지티지그룹,,와이드 릴리즈(주),2025-01-08,개봉영화,장편,한국,54,"44,183,900","8,421","19,190,100","3,624",미스터리,15세이상관람가,일반영화,"Watcha, TVING",False
600.0,샤이닝,스탠리 큐브릭,워너 브러더스 픽쳐스,워너브러더스 코리아(주),워너브러더스 코리아(주),2023-06-28,개봉영화,장편,미국,45,"71,236,578","8,325","44,659,984","4,958",공포(호러),청소년관람불가,일반영화,wavve,False
602.0,"레드벨벳 해피니스 다이어리 : 마이 디어, 레베럽 인 시네마","김선형,오윤동","씨제이포디플렉스 주식회사,스크린엑스 스튜디오",,씨제이포디플렉스 주식회사,2025-02-05,개봉영화,장편,한국,72,"207,745,000","8,310","139,820,000","5,593",공연,전체관람가,일반영화,"Netflix, Netflix Standard with Ads, TVING",True
605.0,마에스트로 번스타인,브래들리 쿠퍼,,,씨제이 씨지브이(CJ CGV)(주),2023-12-06,개봉영화,장편,미국,61,"68,153,400","8,182","36,489,900","4,172",드라마,15세이상관람가,일반영화,"Netflix, Netflix Standard with Ads",True
607.0,은혼 일국경성편 온 씨어터,후지타 요이치,,에스엠지홀딩스 주식회사,에스엠지홀딩스 주식회사,2025-02-14,개봉영화,장편,일본,1,"83,394,600","8,024","57,675,000","5,410",애니메이션,15세이상관람가,일반영화,TVING,False
608.0,극장판 : 기븐_히이라기 믹스,,,스튜디오엘론(주),(주)팝엔터테인먼트,2024-08-28,개봉영화,장편,일본,108,"75,666,228","8,010","39,575,795","3,910",애니메이션,15세이상관람가,일반영화,Watcha,False
609.0,강다니엘: 마이 퍼레이드,박재석,(주)위즈온센,,"씨제이 씨지브이(CJ CGV)(주),(주)위즈온센",2023-08-30,개봉영화,장편,한국,26,"158,654,500","7,933","103,098,000","5,155",공연,전체관람가,일반영화,"wavve, Watcha, TVING",False
610.0,"극장판 뱅드림! 잇츠 마이고!!!!! 전편: 봄의 양지, 방황하는 고양이",카키모토 코다이,,(주)애니플러스,(주)애니플러스,2025-04-24,개봉영화,장편,일본,77,"73,774,700","7,898","36,239,400","3,639",애니메이션,전체관람가,일반영화,Watcha,False
612.0,곰돌이 푸: 피와 꿀,,,(주)퍼스트런,(주)팝엔터테인먼트,2023-04-06,개봉영화,장편,영국,189,"88,613,286","7,792","26,037,606","2,298",공포(호러),청소년관람불가,일반영화,"wavve, Watcha, TVING",False
620.0,빅 볼드 뷰티풀,코고나다,,소니픽쳐스엔터테인먼트코리아주식회사극장배급지점,소니픽쳐스엔터테인먼트코리아주식회사극장배급지점,2025-10-22,개봉영화,장편,미국,208,"66,463,500","7,174","34,723,940","3,663",드라마,12세이상관람가,일반영화,"Netflix, Netflix Standard with Ads",True
623.0,신세기 에반게리온 극장판 사도신생,안노 히데아키,,미라지엔터테인먼트,(주)삼백상회,2025-10-31,개봉영화,장편,일본,180,"76,226,700","7,066","22,712,300","2,089",애니메이션,15세이상관람가,일반영화,"Watcha, Netflix Standard with Ads, TVING",False
624.0,케이팝 데몬 헌터스,매기 강,,,씨제이 씨지브이(CJ CGV)(주),2025-10-31,개봉영화,장편,캐나다,143,"82,401,300","7,013","34,899,700","3,050",애니메이션,12세이상관람가,일반영화,"Netflix, Netflix Standard with Ads",True
626.0,에픽하이 20 더 무비,조윤수,(주)영화사 그램,,"씨지브이 아이스콘,(주)플레이그램",2024-03-20,개봉영화,장편,한국,54,"139,627,500","6,620","92,653,500","4,211",공연,12세이상관람가,일반영화,"wavve, Watcha, TVING",False
627.0,노 웨이 업,클라우디오 파,,,스튜디오 에이드,2024-06-19,개봉영화,장편,영국,147,"51,781,600","6,580","17,814,400","2,340",액션,15세이상관람가,일반영화,"Netflix, wavve, Watcha, Netflix Standard with Ads, TVING",True
629.0,비밀,"임경호,소준범",스튜디오고트,,(주)영화특별시에스엠씨,2023-12-13,개봉영화,장편,한국,126,"66,190,305","6,530","33,909,102","3,198",미스터리,청소년관람불가,일반영화,"Netflix, wavve, Watcha, Netflix Standard with Ads, TVING",True
633.0,장난을 잘 치는 타카기 양,이마이즈미 리키야,,(주)블루라벨픽쳐스,TCO(주)더콘텐츠온,2025-03-05,개봉영화,장편,일본,127,"61,459,560","6,429","25,734,200","2,581",멜로/로맨스,12세이상관람가,일반영화,"wavve, Watcha, TVING",False
635.0,아서,사이먼 셀란 존스,,(주)누리픽쳐스,(주)누리픽쳐스,2024-04-17,개봉영화,장편,미국,121,"50,882,980","6,240","17,562,150","2,125",어드벤처,12세이상관람가,일반영화,"Watcha, TVING",False
644.0,말할 수 없는 비밀: 마지막 챕터,카와이 하야토,,주식회사 블루필름웍스,(주)호라이즌웍스,2025-10-30,개봉영화,장편,일본,158,"37,207,400","6,107","13,985,200","2,279",멜로/로맨스,전체관람가,일반영화,TVING,False
645.0,극장판 프리큐어 올스타즈 F,,,(주)엔케이컨텐츠,(주)디스테이션,2024-07-31,개봉영화,장편,일본,104,"62,614,346","6,007","34,865,839","3,015",애니메이션,전체관람가,일반영화,"wavve, Watcha, TVING",False
646.0,서태지 25주년 라이브 타임: 트래블러,서태지,,,씨제이 씨지브이(CJ CGV)(주),2023-09-06,개봉영화,장편,한국,44,"118,467,500","5,924","63,316,000","3,166",공연,전체관람가,일반영화,"wavve, Watcha",False
648.0,수 분간의 응원을,포푸리카,,(주)애니플러스,(주)애니플러스,2024-09-25,개봉영화,장편,일본,84,"48,397,300","5,849","24,046,500","2,904",드라마,전체관람가,일반영화,"Watcha, TVING",False
651.0,빅트립2: 아기곰 배달 대작전,바실리 로벤스키,,(유)영화사 화수분,와이드 릴리즈(주),2023-05-27,개봉영화,장편,러시아,128,"49,824,450","5,657","13,332,150","1,457",애니메이션,전체관람가,일반영화,"wavve, Watcha, TVING",False
652.0,드림쏭3,안소니 벨,,주식회사 원더스튜디오,"주식회사 원더스튜디오,영화사빅",2024-03-28,개봉영화,장편,미국,238,"47,088,089","5,625","2,770,400",318,애니메이션,전체관람가,일반영화,Watcha,False
653.0,스트레인저스: 챕터1,레니 할린,,판씨네마(주),판씨네마(주),2024-08-28,개봉영화,장편,미국,223,"50,497,778","5,555","15,024,378","1,623",공포(호러),15세이상관람가,일반영화,TVING,False
661.0,레트리뷰션,님로드 안탈,,(주)퍼스트런,메가박스중앙(주),2024-01-24,개봉영화,장편,미국,202,"42,480,002","5,115","13,860,080","1,700",액션,15세이상관람가,일반영화,"Netflix, wavve, Watcha, Netflix Standard with Ads, TVING",True
662.0,킹덤 3: 운명의 불꽃,사토 신스케,,(주)도키엔터테인먼트,"와이드 릴리즈(주),(주)플레이그램,(주)이놀미디어",2024-01-17,개봉영화,장편,일본,136,"36,139,270","4,994","14,601,400","2,034",액션,15세이상관람가,일반영화,"Netflix, wavve, Watcha, Netflix Standard with Ads, TVING",True
667.0,극장판 울려라! 유포니엄: 앙상블 콘테스트,이시하라 타츠야,,(주)초이락미디어,(주)스튜디오디에이치엘,2024-04-17,개봉영화,장편,일본,99,"44,271,951","4,843","24,132,960","2,553",애니메이션,전체관람가,일반영화,"Watcha, TVING",False
673.0,물은 바다를 향해 흐른다,마에다 테츠,,(주)미디어캐슬,트윈플러스파트너스(주),2024-08-07,개봉영화,장편,일본,57,"41,449,500","4,761","18,423,300","2,040",드라마,12세이상관람가,일반영화,wavve,False
677.0,슈가: 로드 투 디데이,박준수,(주)하이브,,"롯데컬처웍스(주)롯시플,(주)영화사 그램",2023-06-16,개봉영화,장편,한국,80,"94,042,500","4,563","49,562,500","2,395",다큐멘터리,12세이상관람가,일반영화,Disney Plus,False
679.0,아톰 새로운 시작,데이빗 보워스,,주식회사 블루필름웍스,주식회사 블루필름웍스,2024-01-31,개봉영화,장편,미국,144,"41,690,541","4,548","13,411,739","1,357",애니메이션,전체관람가,일반영화,"wavve, Watcha, TVING",False
682.0,악의 도시,현우성,,,(주)영화특별시에스엠씨,2025-06-20,개봉영화,장편,한국,119,"40,737,260","4,378","20,670,800","2,087",스릴러,15세이상관람가,일반영화,TVING,False
688.0,제이홉 인 더 박스,박준수,(주)하이브,,"롯데컬처웍스(주)롯시플,(주)영화사 그램",2023-06-16,개봉영화,장편,한국,80,"85,413,500","4,162","46,382,500","2,252",다큐멘터리,12세이상관람가,일반영화,Disney Plus,False
690.0,귀멸의 칼날: 도공 마을 이어진 인연편,소토자키 하루오,,주식회사 애니맥스브로드캐스팅코리아,주식회사 애니맥스브로드캐스팅코리아,2025-07-25,개봉영화,장편,일본,107,"43,523,500","4,083","11,447,400","1,094",애니메이션,15세이상관람가,일반영화,"Watcha, TVING",False
692.0,귀를 기울이면,히라카와 유이치로,,(주)퍼스트런,(주)팝엔터테인먼트,2023-04-19,개봉영화,장편,일본,123,"32,292,500","4,050","14,325,300","1,825",멜로/로맨스,전체관람가,일반영화,"Netflix, Netflix Standard with Ads",True
693.0,엑소시스트: 더 데빌,호세 프렌데스,,(주)제이앤씨미디어그룹,"와이드 릴리즈(주),(주)제이앤씨미디어그룹",2024-09-25,개봉영화,장편,미국,161,"37,297,100","4,011","4,329,400",441,공포(호러),12세이상관람가,일반영화,"wavve, Watcha",False
695.0,마사이 크로스,이성관,파이오니아21,,(주)드림팩트엔터테인먼트,2025-11-20,개봉영화,장편,한국,9,"43,342,300","3,992","28,006,900","2,491",드라마,12세이상관람가,일반영화,"Watcha, TVING",False
698.0,거신: 바람의 아이,신창섭,(주)그리메,,트윈플러스파트너스(주),2023-05-18,개봉영화,장편,한국,77,"31,850,077","3,904","16,356,595","2,077",애니메이션,전체관람가,일반영화,"wavve, Watcha, TVING",False
700.0,뒤주,김지운,(주)그노스,,(주)파이브데이,2024-03-28,개봉영화,장편,한국,52,"22,985,011","3,855","11,062,016","1,841",공포(호러),15세이상관람가,일반영화,"Watcha, TVING",False
702.0,헤어질 결심,박찬욱,모호필름,,(주)씨제이이엔엠,2022-06-29,개봉영화,장편,한국,"1,374","36,452,889","3,830","32,247,995","3,277",미스터리,15세이상관람가,일반영화,"Netflix, Watcha, Netflix Standard with Ads, TVING",True
704.0,극장판 사사키와 미야노 - 졸업편,이시히라 신지,,(주)에스피오 엔터테인먼트코리아,(주)디스테이션,2023-09-06,개봉영화,장편,일본,65,"37,494,900","3,818","13,200,100","1,333",애니메이션,12세이상관람가,일반영화,"wavve, Watcha, Crunchyroll, TVING",False
706.0,2024 박은빈 팬 콘서트 <은빈노트 : 디바>,,,,씨제이 씨지브이(CJ CGV)(주),2024-07-10,개봉영화,장편,한국,25,"83,662,500","3,803","59,728,500","2,715",공연,전체관람가,일반영화,Watcha,False
707.0,언더 유어 베드,사부,(주)미스터리픽처스,,(주)트리플픽쳐스,2023-12-13,개봉영화,장편,한국,54,"31,532,878","3,774","13,753,528","1,595",스릴러,청소년관람불가,일반영화,"wavve, Watcha, TVING",False
708.0,도쿄 리벤저스2: 결전,하나부사 츠토무,,,(주)플레이그램,2025-10-10,개봉영화,장편,일본,48,"22,314,940","3,730","10,672,740","1,822",액션,15세이상관람가,일반영화,TVING,False
709.0,인디펜던스 나이트,에드워드 드레이크,,(주)엔케이컨텐츠,(주)디스테이션,2023-12-13,개봉영화,장편,미국,59,"29,872,570","3,723","13,106,623","1,569",범죄,15세이상관람가,일반영화,"wavve, Watcha, TVING",False
710.0,태용: 티와이 트랙 인 시네마,오윤동,"씨제이포디플렉스 주식회사,스크린엑스 스튜디오",,씨제이포디플렉스 주식회사,2024-09-25,개봉영화,장편,한국,76,"85,741,400","3,628","47,858,400","2,079",공연,전체관람가,일반영화,TVING,False
712.0,특별편집판 기동전사 건담 철혈의 오펀스 우르드 헌트 -작은 도전자의 궤적-,나가이 타츠유키,,주식회사 케이티스튜디오지니,(주)디스테이션,2026-04-04,개봉영화,장편,일본,121,"36,296,750","3,547","11,870,650","1,148",애니메이션,12세이상관람가,일반영화,"Watcha, TVING",False
713.0,키타로 탄생 게게게의 수수께끼: 트루 에디션,,,(주)엔케이컨텐츠,(주)디스테이션,2024-10-19,개봉영화,장편,일본,38,"35,277,500","3,506","17,011,200","1,656",애니메이션,15세이상관람가,일반영화,"Netflix, wavve, Watcha, Netflix Standard with Ads, TVING",True
714.0,식사이론,,"주식회사 알바트로스픽처스,데저트블룸픽처스 주식회사",,롯데컬처웍스(주)롯데시네마,2025-08-20,개봉영화,장편,한국,75,"13,950,000","3,486","8,318,000","2,078",코미디,12세이상관람가,일반영화,"Watcha, TVING",False
718.0,피스 바이 피스,모건 네빌,,유니버설픽쳐스인터내셔널 코리아(유),유니버설픽쳐스인터내셔널 코리아(유),2025-01-08,개봉영화,장편,미국,67,"28,467,200","3,301","12,308,400","1,417",애니메이션,전체관람가,일반영화,"Netflix, Netflix Standard with Ads",True
720.0,새비지 맨,,,주식회사 디에스이이디,주식회사 디에스이이디,2023-01-26,개봉영화,장편,미국,50,"25,868,492","3,227","10,366,498","1,289",액션,청소년관람불가,일반영화,"wavve, Watcha",False
725.0,원 웨이,앤드류 베어드,,주식회사 블루필름웍스,주식회사 블루필름웍스,2023-02-09,개봉영화,장편,미국,50,"25,478,197","3,176","10,833,198","1,348",액션,15세이상관람가,일반영화,wavve,False
728.0,귀멸의 칼날: 도공 마을 적습편,소토자키 하루오,,주식회사 애니맥스브로드캐스팅코리아,주식회사 애니맥스브로드캐스팅코리아,2025-07-25,개봉영화,장편,일본,100,"31,499,300","3,060","8,021,800",759,애니메이션,15세이상관람가,일반영화,"Watcha, TVING",False
729.0,울프 하운드,마이클 B. 체이트,,주식회사 풍경소리,주식회사 풍경소리,2023-02-09,개봉영화,장편,미국,50,"24,209,397","3,043","9,793,800","1,235",액션,15세이상관람가,일반영화,"wavve, Watcha",False
730.0,귀멸의 칼날: 환락의 거리 잠입편,소토자키 하루오,,주식회사 애니맥스브로드캐스팅코리아,주식회사 애니맥스브로드캐스팅코리아,2025-07-18,개봉영화,장편,일본,106,"30,743,500","3,038","6,614,400",648,애니메이션,15세이상관람가,일반영화,"Watcha, TVING",False
731.0,귀멸의 칼날: 합동 강화 훈련 주집결편,소토자키 하루오,,주식회사 애니맥스브로드캐스팅코리아,주식회사 애니맥스브로드캐스팅코리아,2025-08-01,개봉영화,장편,일본,92,"32,379,200","3,036","9,125,900",825,애니메이션,15세이상관람가,일반영화,"Watcha, TVING",False
737.0,기동전사 건담 F91,토미노 요시유키,,(주)에스피오 엔터테인먼트코리아,(주)미디어캐슬,2025-05-07,개봉영화,장편,일본,41,"30,194,900","2,886","15,502,400","1,477",애니메이션,12세이상관람가,일반영화,"Watcha, TVING",False
738.0,어프렌티스,알리 아바시,,(주)누리픽쳐스,(주)누리픽쳐스,2024-10-23,개봉영화,장편,캐나다,67,"27,562,500","2,849","18,277,200","1,886",드라마,청소년관람불가,일반영화,"wavve, Watcha, TVING",False
741.0,썸머 블루 아워,,,(주)누리픽쳐스,(주)누리픽쳐스,2025-09-17,개봉영화,장편,대만,67,"33,115,300","2,686","24,832,900","1,873",멜로/로맨스,12세이상관람가,일반영화,"Watcha, TVING",False
742.0,이머시브 시네마: 뽀로로 극장판 스위트캐슬 대모험,천유림,(주)오콘,,롯데컬처웍스(주)롯데엔터테인먼트,2025-12-13,개봉영화,장편,한국,1,"44,992,000","2,679","44,992,000","2,679",애니메이션,전체관람가,일반영화,"Watcha, TVING",False
743.0,하우스 오브 다이너마이트,캐서린 비글로우,,,씨제이 씨지브이(CJ CGV)(주),2025-10-08,개봉영화,장편,미국,32,"25,763,750","2,605","16,312,450","1,620",스릴러,12세이상관람가,일반영화,"Netflix, Netflix Standard with Ads",True
744.0,남으로 가는 길,김상래,(주)코탑미디어,,THE 픽쳐스,2025-04-02,개봉영화,장편,한국,40,"25,563,200","2,583","13,611,800","1,366",드라마,15세이상관람가,일반영화,Watcha,False
746.0,우주 수호대: 하하하 행성의 대모험,,,(주)팝엔터테인먼트,(주)팝엔터테인먼트,2026-03-13,개봉영화,장편,중국,102,"17,613,500","2,547","4,342,800",705,애니메이션,전체관람가,일반영화,TVING,False
748.0,더 테러 라이브 : 라스트 쇼,와타나베 카즈타카,,,롯데컬처웍스(주)롯데엔터테인먼트,2025-04-16,개봉영화,장편,일본,38,"14,779,400","2,516","7,522,100","1,285",범죄,12세이상관람가,일반영화,TVING,False
750.0,더 엑소시즘,,,(주)누리픽쳐스,(주)누리픽쳐스,2025-01-15,개봉영화,장편,미국,117,"25,128,800","2,484","5,029,200",469,공포(호러),15세이상관람가,일반영화,"Watcha, TVING",False
751.0,극장판 주술회전 0,박성후,,대원미디어(주),"(주)바이포엠스튜디오,(주)대교 미디어콘텐츠사업본부",2022-02-17,개봉영화,장편,일본,836,"25,514,606","2,466","23,846,814","2,256",애니메이션,15세이상관람가,일반영화,"Netflix, wavve, Netflix Standard with Ads, Crunchyroll, TVING",True
752.0,노크: 더 하우스,사무엘 보딘,,(주)누리픽쳐스,(주)누리픽쳐스,2023-09-20,개봉영화,장편,미국,92,"22,589,750","2,437","6,250,600",694,공포(호러),15세이상관람가,일반영화,"Watcha, TVING",False
753.0,마마무: 마이콘 더 무비,임재경,드림엔진스튜디오 주식회사,,(주)위즈온센,2023-06-21,개봉영화,장편,한국,21,"48,225,500","2,412","27,647,000","1,383",공연,전체관람가,일반영화,"Watcha, TVING",False
756.0,마크로스 플러스 -무비 에디션-,카와모리 쇼지,,미라지엔터테인먼트,(주)라이크콘텐츠,2023-11-29,개봉영화,장편,일본,43,"20,993,782","2,219","11,466,104","1,173",애니메이션,15세이상관람가,일반영화,Disney Plus,False
761.0,10일간의 애인,,"(주)로드하우스,꿀잼컴퍼니(주)",,(주)그노스,2023-01-12,개봉영화,장편,한국,50,"21,160,996","2,118","10,240,997","1,025",멜로/로맨스,청소년관람불가,일반영화,"wavve, TVING",False
763.0,강남좀비,이수성,㈜리필름,,"와이드 릴리즈(주),(주)제이앤씨미디어그룹",2023-01-05,개봉영화,장편,한국,51,"21,235,695","2,098","10,516,298","1,085",드라마,15세이상관람가,일반영화,"wavve, Watcha",False
766.0,울브스 오브 워,자일스 앨더슨,,(주)누리픽쳐스,(주)누리픽쳐스,2023-01-26,개봉영화,장편,영국,50,"20,215,900","2,025","9,598,000",961,액션,15세이상관람가,일반영화,Watcha,False
771.0,극장판 여성향 게임의 파멸 플래그밖에 없는 악역 영애로 환생해버렸다...,이노우에 케이스케,,(주)애니플러스,(주)애니플러스,2024-04-04,개봉영화,장편,일본,43,"17,751,148","1,914","7,947,102",802,애니메이션,전체관람가,일반영화,"wavve, Watcha",False
775.0,귀멸의 칼날: 합동 강화 훈련 개막편,소토자키 하루오,,주식회사 애니맥스브로드캐스팅코리아,주식회사 애니맥스브로드캐스팅코리아,2025-08-01,개봉영화,장편,일본,87,"18,092,300","1,792","4,525,900",444,애니메이션,15세이상관람가,일반영화,"Watcha, TVING",False
778.0,극장판 폴 프린세스!!,에조에 히토미,,동우에이앤이(주),동우에이앤이(주),2024-07-03,개봉영화,장편,일본,35,"16,366,707","1,749","10,799,290","1,119",애니메이션,전체관람가,일반영화,"wavve, Watcha, TVING",False
782.0,블랙 워터: 어비스,앤드류 트라우키,,(주)올스타엔터테인먼트,주식회사 원더스튜디오,2023-06-14,개봉영화,장편,호주,56,"14,254,975","1,687","3,656,200",351,액션,15세이상관람가,일반영화,Watcha,False
785.0,수운잡방,최연수,"KBS,(주)아센디오",,와이드 릴리즈(주),2023-12-02,개봉영화,장편,한국,11,"21,709,300","1,655","19,211,600","1,425",드라마,12세이상관람가,일반영화,Watcha,False
794.0,사일런트 나잇,오우삼,,주식회사 풍경소리,이화배컴퍼니(주),2024-07-17,개봉영화,장편,미국,65,"13,712,100","1,531","5,583,700",614,액션,청소년관람불가,일반영화,TVING,False
796.0,디텍티브 나이트: 가면의 밤,에드워드 드레이크,,(주)엔케이컨텐츠,(주)디스테이션,2023-02-08,개봉영화,장편,미국,51,"13,000,596","1,515","3,795,400",389,범죄,15세이상관람가,일반영화,"wavve, Watcha, TVING",False
799.0,프레데터: 죽음의 땅,댄 트라첸버그,,월트디즈니컴퍼니코리아 유한책임회사,월트디즈니컴퍼니코리아 유한책임회사,2025-11-05,개봉영화,장편,미국,953,"14,528,400","1,482","4,532,700",441,SF,15세이상관람가,일반영화,Disney Plus,False
801.0,도뷔시,,,(주)월드시네마,시네마 뉴원,2024-05-23,개봉영화,장편,우크라이나,9,"13,702,800","1,442","8,168,000",884,액션,15세이상관람가,일반영화,"wavve, Watcha, TVING",False
802.0,"폴킴, 친애하는 당신께",,(주)아시아홈 엔터테인먼트,,씨지브이 아이스콘,2025-05-07,개봉영화,장편,한국,27,"28,578,500","1,429","21,999,500","1,100",다큐멘터리,전체관람가,일반영화,TVING,False
803.0,킬러들의 비행,,,(주)누리픽쳐스,(주)누리픽쳐스,2025-09-03,개봉영화,장편,미국,28,"12,887,800","1,426","6,609,600",618,액션,청소년관람불가,일반영화,"Watcha, TVING",False
807.0,북 오브 러브,,,(주)스튜디오디에이치엘,(주)스튜디오디에이치엘,2023-06-21,개봉영화,장편,미국,31,"12,448,198","1,356","8,295,899",914,멜로/로맨스,12세이상관람가,일반영화,"wavve, Watcha",False
809.0,바이크 라이더스,제프 니콜스,,유니버설픽쳐스인터내셔널 코리아(유),유니버설픽쳐스인터내셔널 코리아(유),2024-09-25,개봉영화,장편,미국,19,"13,871,900","1,348","8,807,500",843,액션,15세이상관람가,일반영화,Amazon Prime Video,False
812.0,바람개비,이상훈,(주)오예스,,(주)디스테이션,2023-05-10,개봉영화,장편,한국,36,"11,959,927","1,284","8,596,500",919,액션,청소년관람불가,일반영화,"Netflix, wavve, Watcha, Netflix Standard with Ads, TVING",True
813.0,팔로우드,앙트완 르,,(주)콘텐츠패밀리,(주)영화사오원,2023-03-22,개봉영화,장편,미국,51,"12,295,988","1,272","6,475,195",664,공포(호러),15세이상관람가,일반영화,"Netflix, wavve, Netflix Standard with Ads",True
815.0,루팡 3세 더 무비: 불사신의 혈족,코이케 타케시,,(주)씨제이이엔엠,(주)씨제이이엔엠,2026-02-27,개봉영화,장편,일본,29,"12,351,600","1,207","5,588,700",535,애니메이션,15세이상관람가,일반영화,TVING,False
818.0,부고니아,요르고스 란티모스,,,(주)씨제이이엔엠,2025-11-05,개봉영화,장편,미국,527,"12,641,000","1,171","11,721,700","1,076",스릴러,청소년관람불가,일반영화,"Netflix, Netflix Standard with Ads",True
819.0,브릭레이어,레니 할린,,(주)올스타엔터테인먼트,"(주)올스타엔터테인먼트,(주)플레이그램",2025-05-28,개봉영화,장편,헝가리,31,"11,059,400","1,154","7,014,600",743,액션,15세이상관람가,일반영화,TVING,False
820.0,폭스 헌트,장립가,,(주)조이엔시네마,"(주)다자인소프트,(주)제이앤씨미디어그룹",2025-08-13,개봉영화,장편,홍콩,47,"10,855,200","1,148","6,000,600",590,범죄,15세이상관람가,일반영화,TVING,False
823.0,"미스터김, 영화관에 가다",김동호,"(주)타이거스튜디오,(주)사나이픽처스",,메가박스중앙(주) 플러스엠 엔터테인먼트,2026-02-19,개봉영화,장편,한국,17,"9,734,600","1,133","7,313,500",805,다큐멘터리,전체관람가,일반영화,"Netflix, Netflix Standard with Ads",True
824.0,터커 & 데일 Vs 이블,일라이 크레이그,,(주)콘텐츠판다,(주)콘텐츠판다,2024-08-28,개봉영화,장편,미국,34,"9,688,094","1,133","4,834,299",556,코미디,청소년관람불가,일반영화,"Watcha, TVING",False
826.0,세이 예스 어게인,,,초코필름,(주)팝엔터테인먼트,2023-10-18,개봉영화,장편,대만,65,"8,255,400","1,118","4,167,550",583,멜로/로맨스,12세이상관람가,일반영화,"Watcha, TVING",False
830.0,프레이 포 더 데블,다니엘 스탬,,(주)올스타엔터테인먼트,(주)올스타엔터테인먼트,2022-12-07,개봉영화,장편,미국,517,"10,675,000","1,068",0,0,미스터리,15세이상관람가,일반영화,"wavve, TVING",False
833.0,엽문의 시작,이입명,,(주)제이앤씨미디어그룹,"와이드 릴리즈(주),(주)제이앤씨미디어그룹",2023-06-23,개봉영화,장편,중국,48,"11,192,000","1,030","399,500",37,액션,15세이상관람가,일반영화,"wavve, Watcha, TVING",False
834.0,극장판 노래하는☆왕자님♪ 타부 나이트 XXXX,,,(주)애니플러스,(주)애니플러스,2025-11-12,개봉영화,장편,일본,68,"10,001,200","1,028","8,137,100",826,애니메이션,전체관람가,일반영화,Watcha,False
836.0,해피해피,이수성,㈜리필름,,시네마 뉴원,2025-05-29,개봉영화,장편,한국,14,"10,276,400","1,008","5,297,500",455,드라마,12세이상관람가,일반영화,"Watcha, TVING",False
839.0,올 더 네임즈 오브 갓,다니엘 칼파소로,,(주)올스타엔터테인먼트,"(주)이놀미디어,(주)플레이그램",2024-04-17,개봉영화,장편,헝가리,31,"8,290,400",940,"5,758,600",622,액션,12세이상관람가,일반영화,"wavve, Watcha, TVING",False
845.0,하루 또 하루,박용기,"(주)에이튠라이브,대호필름",,주식회사 블루필름웍스,2025-04-17,개봉영화,장편,한국,12,"8,234,200",893,"5,306,000",590,드라마,12세이상관람가,일반영화,Watcha,False
852.0,킬러의 레스토랑,잭 골든,,(주)스튜디오디에이치엘,(주)스튜디오디에이치엘,2023-08-17,개봉영화,장편,미국,44,"5,535,000",825,"1,975,000",236,액션,15세이상관람가,일반영화,"wavve, Watcha, TVING",False
855.0,사랑가 사랑을 더하다,이한열,,,(주)피터팬픽쳐스,2025-10-23,개봉영화,장편,한국,7,"7,459,800",817,"3,358,000",373,드라마,15세이상관람가,일반영화,Watcha,False
856.0,우타다 히카루 사이언스 픽션 투어 2024,,,,씨제이 씨지브이(CJ CGV)(주),2026-01-07,개봉영화,장편,일본,15,"17,754,000",807,"12,848,000",584,공연,전체관람가,일반영화,Amazon Prime Video,False
857.0,당신이 영화를 그만두면 안 되는 30가지 이유: 3막 Impact Zone 폭발,,"한국예술종합학교,(주)아토",,(주)씨제이이엔엠,2026-01-28,개봉영화,옴니버스,한국,19,"2,813,000",799,"2,291,000",625,드라마,15세이상관람가,일반영화,"Watcha, TVING",False
858.0,더 리프: 언더 워터,앤드류 트라우키,,(주)올스타엔터테인먼트,(주)이놀미디어,2023-09-20,개봉영화,장편,호주,33,"7,301,223",798,"4,398,628",450,스릴러,15세이상관람가,일반영화,wavve,False
863.0,마인드케이지,마우로 보렐리,,(주)누리픽쳐스,(주)누리픽쳐스,2023-05-31,개봉영화,장편,미국,50,"4,694,000",774,"1,000,000",160,범죄,15세이상관람가,일반영화,"Watcha, TVING",False
864.0,데시벨,황인호,"이스트드림시노펙스(주),(주)기억속의매미",,(주)마인드마크,2022-11-16,개봉영화,장편,한국,"1,152","6,463,000",772,"4,556,000",506,액션,12세이상관람가,일반영화,wavve,False
865.0,하이재킹: 메이데이,함 트란,,,(주)디스테이션,2026-03-18,개봉영화,장편,베트남,17,"9,391,500",768,"2,810,100",223,액션,15세이상관람가,일반영화,"Watcha, TVING",False
868.0,더 메뉴,마크 미로드,,월트디즈니컴퍼니코리아 유한책임회사,월트디즈니컴퍼니코리아 유한책임회사,2022-12-07,개봉영화,장편,미국,177,"8,706,000",749,"8,706,000",749,스릴러,15세이상관람가,일반영화,Disney Plus,False
869.0,하이퍼 프로젝션 연극 하이큐!!,,,에스엠지홀딩스 주식회사,에스엠지홀딩스 주식회사,2025-01-24,개봉영화,장편,일본,1,"7,882,900",740,"7,127,400",668,공연,12세이상관람가,일반영화,Watcha,False
874.0,더 라이언: 사막의 생존자들,무쿤다 마이클 드윌,,주식회사 로아앤코홀딩스,주식회사 로아앤코홀딩스,2024-08-22,개봉영화,장편,미국,20,"4,080,000",680,0,0,액션,15세이상관람가,일반영화,"wavve, Watcha",False
879.0,기예르모 델토로의 피노키오,기예르모 델 토로,,,씨제이 씨지브이(CJ CGV)(주),2022-11-23,개봉영화,장편,미국,57,"6,478,000",639,"4,625,500",457,애니메이션,전체관람가,일반영화,"Netflix, Netflix Standard with Ads",True
880.0,프리 폴,올레흐 우라자이킨,,,(주)스튜디오디에이치엘,2025-05-21,개봉영화,장편,러시아,44,"4,361,500",625,"859,500",104,SF,전체관람가,일반영화,"Watcha, TVING",False
882.0,극장판 겁쟁이 페달,미키 코이치로,,(주)미디어캐슬,(주)미디어캐슬,2023-02-01,개봉영화,장편,일본,5,"4,552,297",608,"3,280,498",434,드라마,전체관람가,일반영화,"wavve, TVING",False
883.0,당신이 영화를 그만두면 안 되는 30가지 이유,,"한국예술종합학교,(주)아토",,(주)씨제이이엔엠,2026-02-04,개봉영화,옴니버스,한국,18,"5,057,000",606,"3,345,000",392,드라마,15세이상관람가,일반영화,"Watcha, TVING",False
884.0,너의 시선이 머무는 곳에,황다슬,"(주)더블유스토리,주식회사 에너제딕컴퍼니",,씨제이 씨지브이(CJ CGV)(주),2023-09-06,개봉영화,장편,한국,14,"8,877,000",592,"7,182,000",479,드라마,12세이상관람가,일반영화,Watcha,False
886.0,하이퍼 프로젝션 연극 하이큐!! 승자와 패자,,,에스엠지홀딩스 주식회사,에스엠지홀딩스 주식회사,2025-02-07,개봉영화,장편,일본,1,"6,255,100",583,"5,646,800",528,공연,12세이상관람가,일반영화,Watcha,False
888.0,퀸메리호: 저주받은 항해,개리 쇼어,,그린나래미디어(주),그린나래미디어(주),2025-06-13,개봉영화,장편,미국,37,"4,373,200",571,"1,088,100",114,미스터리,15세이상관람가,일반영화,"Watcha, TVING",False
891.0,애프터매스: 브릿지,패트릭 루지어,,주식회사 풍경소리,와이드 릴리즈(주),2025-09-25,개봉영화,장편,미국,22,"4,361,300",551,"563,000",63,액션,15세이상관람가,일반영화,TVING,False
895.0,하이퍼 프로젝션 연극 하이큐!! 최강의 팀,키노시타 워리,,에스엠지홀딩스 주식회사,에스엠지홀딩스 주식회사,2025-02-21,개봉영화,장편,일본,1,"5,972,400",543,"5,476,700",495,공연,12세이상관람가,일반영화,Watcha,False
896.0,제시는 그때 스무살이었다,한명구,주식회사 시네마서울,,시네마 뉴원,2023-12-14,개봉영화,장편,한국,2,"5,753,000",539,"5,753,000",539,드라마,청소년관람불가,일반영화,"wavve, Watcha, TVING",False
897.0,하이퍼 프로젝션 연극 하이큐!! 쓰레기장의 결전,키노시타 워리,,에스엠지홀딩스 주식회사,에스엠지홀딩스 주식회사,2025-02-28,개봉영화,장편,일본,1,"5,790,800",536,"5,314,300",493,공연,12세이상관람가,일반영화,Watcha,False
901.0,무티: 주술살인,조지 갈로,,주식회사 제이씨엔터웍스,주식회사 제이씨엔터웍스,2024-01-17,개봉영화,장편,미국,40,"4,668,417",505,"185,500",21,범죄,15세이상관람가,일반영화,"wavve, Watcha",False
904.0,애프터: 유혹의 끝,캐스틸 랜던,,,스튜디오 에이드,2024-02-21,개봉영화,장편,미국,46,"3,856,100",485,"725,500",104,멜로/로맨스,15세이상관람가,일반영화,"Netflix, Watcha, Netflix Standard with Ads, TVING",True
906.0,람보르기니: 전설이 된 남자,바비 모레스코,,(주)누리픽쳐스,(주)누리픽쳐스,2023-08-23,개봉영화,장편,이탈리아,5,"3,468,000",468,"1,308,000",108,드라마,12세이상관람가,일반영화,"wavve, Watcha, TVING",False
907.0,브레이브 온 파이어,"피터 파시넬리,닉 라이온",,(주)박수엔터테인먼트,(주)박수엔터테인먼트,2024-04-17,개봉영화,장편,미국,38,"3,669,178",466,"758,139",90,액션,12세이상관람가,일반영화,"Watcha, TVING",False
908.0,검은뱀,박도환,케이스타,,(주)이놀미디어,2025-10-29,개봉영화,장편,한국,16,"4,105,200",456,"1,990,300",208,액션,청소년관람불가,일반영화,"Watcha, TVING",False
909.0,극장판 블리치 : 메모리즈 오브 노바디,아베 노리유키,,에스엠지홀딩스 주식회사,에스엠지홀딩스 주식회사,2025-05-02,개봉영화,장편,일본,1,"3,532,500",446,"3,532,500",446,애니메이션,12세이상관람가,일반영화,"wavve, Watcha, TVING",False
911.0,압꾸정,임진순,"주식회사 빅펀치픽쳐스,(주)홍필름,(주)비에이엔터테인먼트",,(주)쇼박스,2022-11-30,개봉영화,장편,한국,"1,229","4,421,000",442,0,0,코미디,12세이상관람가,일반영화,"wavve, Watcha, TVING",False
914.0,브리드,,,주식회사 풍경소리,주식회사 풍경소리,2024-12-12,개봉영화,장편,미국,23,"2,209,000",379,"100,000",20,SF,15세이상관람가,일반영화,Watcha,False
920.0,오빠 남진 라이브 콘서트,정인성,(주)바보들,,(주)스튜디오디에이치엘,2024-11-13,개봉영화,장편,한국,11,"2,578,000",329,"449,000",49,공연,전체관람가,일반영화,"wavve, Watcha, TVING",False
921.0,리벤지 나이트,에드워드 드레이크,,(주)엔케이컨텐츠,(주)엔케이컨텐츠,2023-09-13,개봉영화,장편,미국,26,"2,756,900",316,"1,359,000",151,액션,15세이상관람가,일반영화,"wavve, Watcha, TVING",False
923.0,극장판 나와 로보코,다이치 아키타로,,에스엠지홀딩스 주식회사,에스엠지홀딩스 주식회사,2025-11-26,개봉영화,장편,일본,74,"3,068,700",307,"1,757,700",169,애니메이션,12세이상관람가,일반영화,TVING,False
924.0,손,최윤호,(주)알투디투스튜디오,,(주)이놀미디어,2023-06-21,개봉영화,장편,한국,10,"2,984,055",305,"2,209,827",221,공포(호러),15세이상관람가,일반영화,"wavve, TVING",False
925.0,거너,디미트리 로고데티스,,주식회사 풍경소리,주식회사 풍경소리,2025-04-10,개봉영화,장편,미국,20,"1,746,000",301,"100,000",20,액션,15세이상관람가,일반영화,Watcha,False
926.0,벙커 게임,로베르토 자짜라,,,스튜디오 에이드,2024-03-06,개봉영화,장편,이탈리아,19,"2,944,300",301,"813,600",78,공포(호러),15세이상관람가,일반영화,"Watcha, TVING",False
927.0,아머: 현금수송차,,,주식회사 풍경소리,주식회사 풍경소리,2025-03-27,개봉영화,장편,미국,20,"1,746,000",301,"100,000",20,범죄,15세이상관람가,일반영화,TVING,False
928.0,보디가드: 여전사,,,주식회사 풍경소리,주식회사 풍경소리,2025-10-01,개봉영화,장편,중국,20,"1,780,000",297,"100,000",20,액션,15세이상관람가,일반영화,"Watcha, TVING",False
930.0,머더 컴퍼니: 살인 중대,셰인 댁스 테일러,,주식회사 풍경소리,주식회사 풍경소리,2025-02-06,개봉영화,장편,미국,20,"1,628,000",283,"100,000",20,전쟁,15세이상관람가,일반영화,Watcha,False
938.0,에이전트 레컨,,,주식회사 풍경소리,주식회사 풍경소리,2025-01-17,개봉영화,장편,미국,20,"1,520,000",265,"100,000",20,SF,15세이상관람가,일반영화,"Watcha, TVING",False
940.0,스트레인지 월드,"돈 홀,퀴 응우옌",,월트디즈니컴퍼니코리아 유한책임회사,월트디즈니컴퍼니코리아 유한책임회사,2022-11-23,개봉영화,장편,미국,699,"2,587,000",259,0,0,애니메이션,전체관람가,일반영화,Disney Plus,False
942.0,1967 그리즐리 어택,,,(주)키노라이츠,(주)키노라이츠,2026-02-26,개봉영화,장편,미국,20,"1,748,000",241,0,0,액션,15세이상관람가,일반영화,"Watcha, TVING",False
946.0,이스터 선데이,제이 챈드라세카,,(주)씨제이이엔엠,씨제이 씨지브이(CJ CGV)(주),2022-12-28,개봉영화,장편,미국,28,"2,022,200",221,"1,282,700",143,코미디,12세이상관람가,일반영화,"Watcha, TVING",False
947.0,사랑은 빛,코바야시 케이이치,,(주)미디어캐슬,(주)미디어캐슬,2024-04-16,개봉영화,장편,일본,5,"1,534,700",220,"496,000",62,멜로/로맨스,12세이상관람가,일반영화,"wavve, Watcha",False
948.0,핑크퐁 원더스타 특별편: 호기와 도둑자동차,,더핑크퐁컴퍼니(주),,더핑크퐁컴퍼니(주),2024-07-18,개봉영화,장편,한국,1,"1,491,500",220,0,0,애니메이션,전체관람가,일반영화,"Netflix, wavve, Watcha, Netflix Standard with Ads, TVING",True
949.0,사쿠라,야자키 히토시,,,(주)미디어캐슬,2023-04-01,개봉영화,장편,일본,4,"1,514,897",219,"1,074,298",151,드라마,15세이상관람가,일반영화,"wavve, Watcha, TVING",False
950.0,극장판 블리치 : 페이드 투 블랙,아베 노리유키,,에스엠지홀딩스 주식회사,에스엠지홀딩스 주식회사,2025-06-06,개봉영화,장편,일본,1,"1,703,000",218,"1,703,000",218,애니메이션,12세이상관람가,일반영화,"wavve, TVING",False
953.0,할리우드 살인사건,,,(주)누리픽쳐스,(주)누리픽쳐스,2024-05-08,개봉영화,장편,영국,5,"1,296,000",216,0,0,액션,15세이상관람가,일반영화,"Watcha, FilmBox+, TVING",False
955.0,영화 xxx홀릭,니나가와 미카,,(주)미디어캐슬,(주)미디어캐슬,2024-08-16,개봉영화,장편,일본,4,"1,464,600",209,"831,800",117,판타지,12세이상관람가,일반영화,"wavve, Watcha",False
956.0,틴 솔저,,,주식회사 킨스튜디오,"주식회사 킨스튜디오,주식회사 블루필름웍스",2025-08-06,개봉영화,장편,미국,18,"1,297,600",209,0,0,액션,15세이상관람가,일반영화,"Watcha, TVING",False
957.0,카니펙스: 죽음의 숲,,,(주)누리픽쳐스,(주)누리픽쳐스,2024-04-03,개봉영화,장편,호주,5,"1,248,000",208,0,0,공포(호러),15세이상관람가,일반영화,Watcha,False
960.0,분노의 총잡이,,,(주)누리픽쳐스,(주)누리픽쳐스,2026-01-29,개봉영화,장편,미국,20,"1,272,000",203,0,0,액션,15세이상관람가,일반영화,"Watcha, TVING",False
966.0,블랙 팬서: 와칸다 포에버,라이언 쿠글러,,월트디즈니컴퍼니코리아 유한책임회사,월트디즈니컴퍼니코리아 유한책임회사,2022-11-09,개봉영화,장편,미국,"2,571","1,896,099",190,"168,099",17,액션,12세이상관람가,일반영화,Disney Plus,False
967.0,사랑하는 기생충,카키모토 켄사쿠,,(주)미디어캐슬,(주)미디어캐슬,2024-01-16,개봉영화,장편,일본,7,"1,294,673",190,"208,000",26,드라마,12세이상관람가,일반영화,"Netflix, Netflix Standard with Ads",True
971.0,화이트 아웃,,,(주)스튜디오디에이치엘,(주)스튜디오디에이치엘,2025-10-16,개봉영화,장편,미국,19,"1,137,000",172,0,0,액션,청소년관람불가,일반영화,TVING,False
973.0,룸 203,벤 재거,,씨네라인월드(주),씨네라인월드(주),2023-06-28,개봉영화,장편,일본,21,"1,653,550",164,"412,700",43,공포(호러),15세이상관람가,일반영화,Watcha,False
974.0,킹 VS. 머신킹,,,,(주)제이앤씨미디어그룹,2024-02-15,개봉영화,장편,미국,10,"781,000",163,0,0,액션,12세이상관람가,일반영화,"wavve, Watcha",False
982.0,퀵샌드,,,,스튜디오 에이드,2023-11-01,개봉영화,장편,미국,23,"1,256,750",140,"22,500",3,스릴러,12세이상관람가,일반영화,"wavve, Watcha, TVING",False
983.0,봉우야,고학,주식회사 씨엠닉스,,주식회사 씨엠닉스,2025-02-25,개봉영화,장편,한국,1,"952,000",135,0,0,범죄,15세이상관람가,일반영화,Watcha,False
985.0,톤비,제제 다카히사,,(주)미디어캐슬,(주)미디어캐슬,2024-10-01,개봉영화,장편,일본,4,"909,000",132,"382,000",51,드라마,12세이상관람가,일반영화,"wavve, Watcha",False
988.0,뱅: 킬러 리턴즈,위치 카오새야난다,,주식회사 풍경소리,주식회사 풍경소리,2026-04-09,개봉영화,장편,미국,20,"867,000",113,0,0,액션,15세이상관람가,일반영화,TVING,False
989.0,클라이밍: 더 사운드,,,,주식회사 풍경소리,2026-01-22,개봉영화,장편,미국,20,"867,000",113,0,0,스릴러,15세이상관람가,일반영화,TVING,False
990.0,제이 켈리,노아 바움백,,,씨제이 씨지브이(CJ CGV)(주),2025-11-19,개봉영화,장편,미국,35,"884,000",105,"572,000",56,드라마,15세이상관람가,일반영화,"Netflix, Netflix Standard with Ads",True
991.0,디데이 24시간,,,,주식회사 풍경소리,2026-02-26,개봉영화,장편,미국,20,"807,000",103,0,0,전쟁,15세이상관람가,일반영화,TVING,False
993.0,아마존: 더 비기닝,,,(주)누리픽쳐스,(주)누리픽쳐스,2024-01-11,개봉영화,장편,미국,5,"606,000",101,0,0,드라마,12세이상관람가,일반영화,Watcha,False
995.0,뺑소니: 최고로 최악의 날,미즈타니 유타카,,(주)미디어캐슬,(주)미디어캐슬,2024-06-16,개봉영화,장편,일본,6,"667,300",100,"237,500",37,드라마,15세이상관람가,일반영화,"wavve, Watcha",False
997.0,아스테릭스: 더 미들 킹덤,기욤 까네,,(주)스튜디오디에이치엘,(주)스튜디오디에이치엘,2024-08-28,개봉영화,장편,프랑스,24,"852,500",97,"63,000",7,코미디,전체관람가,일반영화,"wavve, Watcha",False
999.0,식운,테라카도 지몬,,(주)미디어캐슬,(주)미디어캐슬,2023-09-01,개봉영화,장편,일본,5,"588,160",90,0,0,드라마,전체관람가,일반영화,"wavve, Watcha",False
1000.0,로스트 호라이즌,,,(주)제이에이와이이엔터테인먼트,(주)제이에이와이이엔터테인먼트,2026-02-13,개봉영화,장편,남아프리카공화국,20,"1,089,000",87,0,0,액션,15세이상관람가,일반영화,"Watcha, TVING",False
